"Day","Month",1980,1981,1982,1983,1984,1985,1986,1987,1988,1989,1990,1991,1992,1993,1994,1995,1996,1997,1998,1999,2000,2001,2002,2003,2004,2005,2006,2007,2008,2009,2010,2011,2012,2013,2014,2015,2016,2017,2018,2019,2020,2021,2022,2023
1,1,206,205,169,77,53,281,113,130,59,180,194,215,111,60,154,129,177,109,42,365,220,186,105,,87,101,315,182,326,561,100,336,223,155,161,143,34,258,128,132,282,367,423,333
2,1,176,214,179,78,58,285,110,124,58,183,191,267,107,56,141,132,166,108,41,349,216,190,108,,88,107,292,177,303,587,93,325,217,150,166,143,38,251,137,132,259,374,416,336
3,1,165,215,172,82,66,290,107,120,60,196,187,310,102,51,132,127,157,107,39,315,206,198,110,,96,111,272,172,280,611,88,312,211,144,162,136,39,238,155,137,242,393,403,341
4,1,155,215,163,98,78,293,104,116,61,236,183,333,97,46,124,118,152,110,42,295,187,197,109,,112,111,254,168,258,629,84,300,204,135,155,126,41,228,176,139,224,378,394,371
5,1,153,183,161,116,85,280,101,111,65,264,179,352,93,41,116,111,150,111,47,273,173,191,105,,114,112,251,165,238,648,80,288,198,129,150,120,47,221,182,135,216,365,389,410
6,1,151,178,148,120,83,257,99,106,67,260,175,363,90,37,112,105,155,115,55,256,163,182,102,,111,118,261,157,225,649,80,278,193,125,151,116,57,216,183,127,202,360,386,441
7,1,146,174,134,116,76,245,97,102,63,239,173,362,94,33,120,104,156,129,61,248,162,170,100,,111,126,274,155,210,636,81,304,190,122,154,122,55,211,184,121,191,359,374,455
8,1,144,163,134,115,70,233,97,101,58,223,172,350,95,30,126,104,154,151,66,247,167,162,93,,117,134,299,156,210,617,79,358,192,117,165,127,52,207,172,120,185,359,350,457
9,1,141,146,139,111,73,223,100,99,55,219,173,332,94,34,131,108,162,159,66,255,166,154,84,,123,142,334,147,195,598,74,396,196,113,179,119,48,195,166,119,175,356,335,451
10,1,128,141,146,98,93,211,103,97,53,222,177,313,95,35,136,109,183,157,68,256,166,148,79,,139,142,383,150,191,574,70,404,203,109,185,109,45,191,161,121,166,364,311,453
11,1,125,159,153,98,112,199,106,96,53,238,192,297,92,31,146,105,185,161,67,260,167,143,75,,162,136,413,156,190,546,70,406,208,105,182,102,43,185,154,123,158,382,297,480
12,1,121,152,153,106,115,194,107,97,50,244,210,285,88,32,152,101,174,178,63,257,176,141,71,,173,135,424,154,192,511,67,414,217,103,172,99,40,177,144,121,154,428,298,517
13,1,111,147,153,110,105,222,112,100,47,238,213,281,85,41,156,95,160,192,57,264,192,141,66,,174,144,418,150,214,474,74,418,226,101,165,97,39,173,131,122,149,506,299,536
14,1,102,147,153,112,93,240,111,111,48,234,211,273,84,63,162,80,147,209,53,282,204,142,64,,175,146,404,147,230,449,74,409,229,96,162,94,36,168,122,124,147,539,300,538
15,1,96,149,147,122,82,258,104,118,50,246,212,260,86,78,160,80,143,227,52,294,254,140,62,,183,137,384,143,232,431,81,393,235,91,160,91,33,170,116,122,142,555,301,532
16,1,84,152,134,126,72,263,98,113,51,266,212,250,88,82,150,83,132,246,51,299,275,136,60,,188,128,363,137,226,419,84,374,238,90,164,89,31,175,113,119,142,549,302,522
17,1,80,154,133,124,64,257,93,106,56,283,212,240,96,93,144,81,128,258,47,305,285,132,68,,180,119,342,132,222,409,83,352,240,88,164,93,29,176,111,113,142,507,302,508
18,1,74,151,135,118,57,242,89,98,58,284,242,231,99,105,143,78,133,257,45,309,309,127,67,,167,112,316,129,220,396,78,326,236,88,156,94,27,179,108,108,140,455,303,500
19,1,68,147,140,110,54,221,90,99,59,272,316,222,94,103,150,76,147,240,44,322,342,123,66,,153,108,294,134,214,386,72,306,226,88,146,93,24,183,107,104,140,394,303,496
20,1,67,141,140,105,51,203,94,103,60,253,391,215,86,95,146,76,157,224,41,336,337,120,54,,142,112,272,139,213,383,67,293,208,86,136,89,22,184,103,102,142,370,304,497
21,1,66,137,132,100,50,194,97,109,58,243,421,208,80,87,142,74,153,218,39,331,315,118,52,,132,125,263,140,206,394,64,279,202,84,136,86,20,181,99,98,145,340,312,512
22,1,58,131,121,84,51,179,96,112,51,247,419,200,75,105,126,74,145,226,33,313,286,118,52,,125,136,293,138,196,408,64,271,202,84,134,86,19,177,102,98,154,325,319,524
23,1,45,125,115,81,56,168,95,108,62,253,403,194,72,156,120,74,138,230,30,296,264,117,51,,118,148,339,138,187,411,68,264,214,88,135,85,18,172,115,95,161,313,325,524
24,1,52,121,111,75,71,148,91,104,106,254,381,189,69,173,120,72,130,228,27,283,244,116,50,,113,160,373,138,177,417,75,255,222,92,134,84,17,159,116,93,166,305,323,509
25,1,75,118,102,72,113,141,86,98,160,255,356,182,66,170,116,70,131,217,26,292,234,112,53,,110,172,395,138,176,433,82,246,219,91,132,85,16,154,115,93,161,295,321,483
26,1,83,116,91,65,160,136,81,92,169,261,330,183,64,154,109,68,137,201,25,303,226,110,55,,103,172,400,140,175,439,88,231,215,90,129,90,14,154,111,97,152,286,305,455
27,1,85,112,90,61,183,131,78,85,159,260,312,189,61,133,101,66,152,183,21,304,214,111,62,,96,164,403,139,174,423,88,221,212,90,125,94,13,155,109,113,143,288,304,427
28,1,87,108,90,57,195,129,77,81,146,249,295,197,59,114,96,66,161,167,20,296,211,118,70,,91,154,393,138,172,399,85,211,208,89,119,99,12,156,105,131,135,293,303,403
29,1,86,104,87,47,205,126,79,79,133,234,289,205,55,98,96,66,168,161,17,293,200,123,77,,89,144,386,141,176,387,81,205,203,88,113,101,11,153,102,138,127,293,302,383
30,1,90,102,84,40,211,123,84,78,124,217,293,205,53,85,98,66,178,177,16,291,188,121,87,,85,127,385,144,175,383,76,200,200,86,108,110,10,144,99,132,127,313,301,365
31,1,92,100,80,40,207,120,86,78,116,202,305,198,51,72,97,65,180,196,16,293,176,117,90,,81,124,382,147,172,380,70,198,196,85,108,114,9,137,93,123,120,313,306,350
1,2,93,96,84,41,203,118,88,76,106,188,336,192,48,64,175,65,176,228,16,308,168,111,90,118,75,114,388,145,166,384,66,194,200,83,110,108,8,132,90,112,115,301,291,331
2,2,87,96,87,39,201,114,93,77,94,178,373,189,47,59,218,65,178,219,16,313,180,105,91,113,72,114,407,140,162,390,61,190,224,79,115,102,7,129,85,103,111,286,273,318
3,2,87,104,80,35,196,111,103,78,83,170,391,194,45,63,264,64,182,206,14,303,204,102,90,106,69,154,423,130,158,405,57,189,254,76,115,92,6,124,82,99,111,269,257,306
4,2,83,113,80,33,196,108,123,81,74,167,392,208,43,66,305,63,182,196,14,288,276,98,90,102,64,203,434,122,156,422,54,198,304,73,112,85,6,123,79,93,108,259,245,298
5,2,82,126,83,30,211,105,128,89,68,172,400,222,41,68,343,60,173,196,12,280,331,98,88,98,60,257,438,116,151,432,52,228,337,70,109,80,4,133,78,89,109,250,234,290
6,2,93,143,96,28,223,99,121,93,63,183,422,230,41,69,374,57,163,216,12,253,344,99,85,95,58,303,438,111,146,434,51,265,344,72,108,82,2,145,77,86,111,246,225,283
7,2,96,156,115,25,233,95,108,96,64,192,450,239,40,64,394,53,163,241,12,241,334,101,84,91,54,332,438,107,143,427,48,280,341,76,112,93,2,157,74,89,113,245,219,286
8,2,85,163,130,23,229,89,94,99,62,211,479,254,40,58,409,53,182,254,10,229,310,98,82,88,53,342,436,103,140,413,48,271,328,84,116,93,2,168,71,96,111,247,217,294
9,2,81,169,130,23,209,85,84,101,69,229,502,261,39,53,404,50,222,268,8,231,283,95,83,85,50,330,431,101,137,390,48,259,323,101,121,89,2,172,68,116,107,252,218,301
10,2,74,174,130,21,187,81,80,105,98,226,515,265,38,50,371,45,249,281,7,251,249,90,70,81,48,304,422,98,137,366,50,235,324,105,125,84,2,164,66,128,104,258,229,306
11,2,64,171,136,20,179,77,78,100,118,219,525,271,37,49,335,43,259,306,6,264,220,87,68,80,50,282,411,94,145,339,53,216,316,109,130,79,2,155,65,135,102,255,244,303
12,2,63,157,136,18,163,71,76,91,129,214,530,273,35,51,301,41,253,348,6,268,198,85,72,80,50,260,394,92,160,324,56,202,296,117,132,73,2,152,64,147,99,243,254,303
13,2,63,144,131,18,146,68,74,84,147,216,524,272,34,59,271,39,242,364,4,273,179,83,64,80,52,238,360,90,172,310,56,190,274,138,131,69,2,152,63,153,96,237,251,308
14,2,61,149,125,17,139,64,71,82,162,217,490,271,35,62,247,37,243,374,4,277,168,83,63,80,51,214,319,88,190,303,56,183,254,168,130,66,2,152,62,148,94,233,243,313
15,2,53,163,110,15,119,59,68,81,163,211,450,270,41,60,227,36,267,376,4,284,156,86,67,79,50,192,290,83,213,297,55,182,242,192,128,63,0,151,62,136,90,226,234,313
16,2,43,173,113,16,115,64,65,81,153,197,441,268,41,53,209,34,299,374,4,288,150,88,73,88,48,176,273,80,227,290,49,182,242,206,128,60,-1,146,64,125,84,223,227,309
17,2,48,174,124,15,111,72,66,80,140,195,424,262,39,45,194,31,314,369,8,288,144,86,76,98,47,166,260,78,243,284,46,185,241,219,130,59,2,140,64,114,82,222,230,309
18,2,55,178,140,14,110,73,74,76,124,201,404,256,37,40,181,29,310,359,14,281,142,84,74,97,43,157,254,77,262,280,43,200,234,247,130,56,13,131,64,104,79,216,256,326
19,2,55,185,153,12,110,69,81,70,115,207,394,250,33,40,171,27,298,325,24,290,141,82,72,94,42,152,248,77,264,279,42,231,228,268,128,53,21,123,64,99,77,207,283,354
20,2,45,199,161,12,108,65,91,65,103,206,378,246,34,56,161,26,284,314,41,307,143,79,70,91,40,145,242,84,258,275,47,255,231,269,124,51,22,116,67,100,77,203,289,377
21,2,44,213,169,11,118,62,101,67,93,205,366,241,31,71,152,25,263,290,55,339,168,76,70,83,38,139,248,86,248,274,48,274,261,266,118,50,22,107,69,100,76,201,260,391
22,2,43,223,180,11,112,60,103,72,85,204,356,238,30,75,144,24,240,276,69,386,178,74,67,78,38,130,265,88,236,274,45,296,264,254,111,47,20,102,72,102,76,202,254,392
23,2,41,235,186,10,107,57,94,82,78,205,347,238,30,72,140,23,218,271,73,435,178,72,63,72,38,129,298,86,228,276,41,326,256,248,105,46,20,103,81,102,75,203,253,375
24,2,38,249,189,10,106,52,95,86,69,221,340,240,28,64,137,22,202,266,67,465,195,69,59,67,39,123,308,86,277,276,38,355,240,251,101,44,18,114,92,99,74,194,245,349
25,2,34,265,191,9,118,48,100,84,63,246,335,241,28,58,133,21,193,258,58,478,220,66,55,64,40,120,304,84,318,275,36,378,235,256,101,45,16,144,103,96,72,195,240,330
26,2,36,291,188,9,129,44,146,79,57,229,335,240,33,50,129,20,187,239,47,472,223,64,51,62,40,130,296,80,313,262,38,374,235,257,102,46,15,179,101,88,70,195,252,311
27,2,37,319,184,8,137,40,206,71,52,214,341,238,38,51,125,20,185,227,40,448,216,62,47,59,41,142,280,76,298,252,40,348,235,267,102,46,15,221,94,84,68,194,306,299
28,2,39,346,191,6,141,36,237,64,49,206,349,239,41,69,120,19,165,218,32,395,209,60,43,57,41,140,260,72,280,244,44,326,231,320,105,46,12,256,90,79,64,189,361,300
1,3,39,335,199,6,149,37,266,60,46,216,349,255,51,85,113,18,158,214,25,359,176,60,40,29,50,132,249,70,280,247,52,304,258,351,112,46,9,252,83,76,64,186,376,302
2,3,41,281,213,15,153,41,293,55,47,229,344,284,52,96,89,18,167,231,21,317,179,60,38,28,64,122,243,68,285,259,62,290,274,352,124,46,16,237,76,76,72,180,373,299
3,3,45,239,207,23,157,45,297,51,50,223,362,303,60,103,97,18,188,244,17,287,190,60,36,26,77,114,244,66,288,263,69,282,281,332,146,46,23,221,69,75,74,182,374,296
4,3,47,215,182,31,158,50,272,48,50,218,379,302,69,107,94,20,226,254,13,273,194,62,34,23,90,108,238,65,284,253,74,272,286,307,174,50,27,203,66,73,74,189,379,329
5,3,39,206,167,42,153,56,233,49,45,209,373,290,73,110,86,19,247,244,11,278,183,68,32,20,80,108,226,65,276,246,75,270,310,282,196,50,34,189,67,70,73,195,385,373
6,3,30,209,152,48,150,61,201,49,40,194,380,279,79,114,83,18,266,236,9,279,173,80,33,20,81,109,224,64,266,239,81,274,327,262,201,50,36,175,67,67,70,193,379,391
7,3,26,200,141,50,146,65,188,45,41,182,379,269,90,128,80,19,256,214,7,266,165,85,34,20,83,107,210,68,252,235,95,281,325,244,188,59,35,164,66,65,72,191,397,389
8,3,24,198,135,39,141,69,181,42,32,177,366,261,92,145,75,20,247,197,4,249,163,79,43,20,87,104,200,67,231,227,98,275,306,215,173,74,31,159,73,63,71,180,458,369
9,3,15,208,134,35,134,72,170,40,30,179,355,256,89,158,73,20,238,181,4,238,168,71,56,20,88,101,194,64,214,221,92,272,280,197,158,90,27,170,70,61,74,179,511,338
10,3,16,209,134,31,121,77,152,38,31,183,347,253,87,173,69,20,230,168,4,227,160,65,81,23,83,100,186,62,226,220,82,285,260,182,145,93,23,192,66,61,66,185,555,309
11,3,21,201,134,29,111,82,143,37,29,187,347,257,77,177,68,22,216,159,2,211,150,62,94,29,80,105,178,60,250,227,72,314,244,172,134,92,19,213,64,59,63,191,586,289
12,3,33,187,138,27,98,88,159,36,29,183,356,263,68,172,70,24,201,154,1,199,145,59,98,33,77,118,172,61,276,250,72,395,225,162,126,93,17,230,76,55,62,195,610,277
13,3,34,187,140,25,93,93,186,34,26,177,365,285,61,165,73,32,191,157,0,189,153,58,94,37,72,132,167,66,302,272,76,454,215,154,118,99,16,252,83,54,54,203,642,274
14,3,24,192,141,23,87,97,186,37,24,171,375,317,56,163,85,36,184,159,-1,184,181,57,81,40,63,138,166,70,337,280,73,491,214,142,116,102,14,268,97,55,55,219,656,272
15,3,20,205,141,20,83,93,174,49,24,171,384,340,70,169,88,41,191,159,-2,192,191,55,76,37,59,139,168,72,350,273,68,504,235,135,108,102,13,290,94,60,53,237,657,272
16,3,12,212,133,18,75,90,156,53,24,180,397,360,105,173,104,56,228,156,-2,218,184,54,67,33,56,129,172,74,350,272,67,492,282,130,102,102,11,296,90,62,51,277,648,271
17,3,10,204,125,16,66,87,144,55,24,188,412,365,116,181,118,70,247,157,-3,241,172,53,52,29,53,120,176,76,350,288,66,465,315,123,98,97,8,294,84,57,50,305,621,268
18,3,10,186,123,14,57,83,140,49,22,191,421,351,110,172,135,92,245,155,-3,248,159,50,50,28,50,114,178,78,346,298,69,468,322,119,96,96,6,283,75,55,50,305,605,265
19,3,15,167,135,17,53,76,143,72,22,188,431,326,98,161,140,107,229,185,-3,241,147,48,48,25,50,118,176,79,335,289,74,506,313,116,93,98,5,272,70,53,49,293,603,255
20,3,17,151,141,17,49,70,139,102,23,189,445,305,87,156,140,118,214,207,-6,227,137,47,52,22,50,119,173,74,320,279,73,523,300,115,90,93,4,258,64,51,47,280,613,243
21,3,19,138,151,12,44,65,131,107,23,195,458,289,81,185,134,120,204,215,-6,210,133,43,62,23,48,119,174,69,299,279,69,517,276,117,93,87,2,240,59,49,50,278,625,233
22,3,21,128,158,9,39,61,122,99,23,215,468,274,79,216,124,124,201,207,-8,194,131,42,78,26,46,114,172,68,276,283,66,474,254,122,96,80,2,220,55,48,55,284,633,230
23,3,22,120,179,12,35,57,113,89,26,217,474,260,76,228,115,137,197,194,-9,182,131,44,95,26,44,112,178,67,256,272,66,430,241,129,98,76,2,215,51,48,56,285,631,230
24,3,22,114,193,21,32,53,107,86,34,203,472,252,73,230,106,144,181,181,-10,171,127,42,112,24,42,112,186,66,236,260,66,406,243,132,99,77,5,243,47,47,58,276,616,227
25,3,15,86,189,32,31,49,101,82,44,202,464,247,71,230,93,140,165,168,-10,166,147,43,117,22,46,111,188,72,218,270,69,404,256,135,105,85,9,266,44,45,59,252,595,221
26,3,14,76,176,60,31,45,94,75,47,214,462,244,67,232,85,124,146,157,-10,160,236,42,130,22,58,110,187,78,206,296,70,422,256,137,110,95,13,273,44,44,60,242,570,218
27,3,19,72,169,85,35,41,88,70,40,229,471,241,63,229,76,105,136,147,-10,156,274,43,142,29,67,109,188,70,194,327,71,432,246,142,106,96,13,274,43,42,64,250,546,212
28,3,23,72,161,84,41,38,86,65,33,231,483,239,56,229,69,91,134,141,-10,152,287,43,152,25,62,105,196,67,186,343,71,418,238,145,101,98,10,270,42,41,66,263,527,206
29,3,24,80,152,78,45,35,86,59,26,226,490,235,51,240,65,80,137,136,-2,147,301,47,149,25,62,98,197,68,180,344,66,387,222,145,101,97,8,265,42,40,69,280,519,202
30,3,26,85,148,81,49,33,87,52,19,225,498,232,48,252,60,73,154,138,-2,144,353,51,144,27,61,90,193,78,174,343,60,350,239,143,110,93,5,271,48,40,71,326,514,203
31,3,23,81,145,86,47,31,89,46,12,244,510,230,44,251,56,71,160,154,-9,142,369,67,137,30,62,82,188,109,168,340,58,319,275,139,118,90,3,284,48,39,72,359,511,212
1,4,21,78,142,88,39,29,93,40,10,288,523,232,39,219,53,66,157,166,-8,140,366,79,121,32,76,79,187,121,164,328,61,298,318,138,126,85,4,276,47,39,66,367,488,233
2,4,23,76,148,92,41,31,97,37,10,348,536,242,35,215,52,60,151,164,-9,137,328,79,107,32,86,75,186,131,158,304,70,280,335,138,131,79,4,267,43,36,66,351,464,247
3,4,25,76,154,80,47,38,94,34,9,382,555,254,33,204,57,54,141,150,-10,143,276,75,93,35,98,70,180,136,163,279,85,262,326,141,136,76,3,272,40,35,63,330,452,262
4,4,42,75,159,35,61,43,89,33,8,376,582,260,31,179,66,47,142,136,-7,176,241,63,90,43,100,68,167,134,162,265,88,249,306,145,134,85,4,275,38,33,60,312,437,267
5,4,51,75,169,40,75,39,81,30,7,355,599,263,30,162,65,42,152,129,-5,229,227,59,93,46,93,66,156,149,160,268,87,240,289,146,126,106,2,268,38,32,61,267,422,263
6,4,59,76,188,36,85,34,75,28,6,337,594,275,30,147,61,37,158,118,-4,262,232,59,97,48,87,64,146,181,159,303,90,235,265,140,116,113,3,240,38,30,69,247,419,253
7,4,63,86,194,34,86,24,69,27,6,324,575,289,28,140,67,35,154,117,-4,286,249,61,108,45,89,68,138,254,156,333,84,229,258,131,114,109,10,218,41,30,87,241,432,244
8,4,73,92,217,32,77,22,66,26,5,308,553,284,32,128,82,33,143,109,-3,310,297,61,143,43,91,79,131,336,152,333,77,230,250,122,135,103,15,195,43,30,110,257,441,234
9,4,78,98,246,35,67,17,61,25,5,288,528,271,43,117,117,30,133,98,5,329,350,56,164,42,88,84,127,359,147,332,76,236,253,113,152,98,20,177,45,34,125,386,448,224
10,4,83,105,265,44,63,17,57,28,5,272,502,262,53,113,142,29,124,98,8,352,383,51,184,43,84,95,123,356,142,371,79,246,303,105,148,92,27,163,46,40,125,481,445,213
11,4,86,117,280,50,65,14,57,23,6,258,484,270,53,116,149,25,114,111,12,351,406,45,204,52,84,116,120,333,138,404,84,240,376,102,134,82,37,150,51,46,117,547,436,203
12,4,75,128,292,63,71,11,53,20,7,252,477,292,49,113,141,24,123,119,14,339,432,41,211,63,79,195,118,290,140,397,102,236,422,102,115,74,56,141,50,46,108,591,427,193
13,4,60,129,311,71,57,9,50,17,8,245,461,312,48,114,127,32,128,137,14,323,466,40,225,65,76,274,117,255,140,364,162,238,449,100,108,67,71,137,47,43,94,616,420,186
14,4,59,129,305,73,49,6,48,15,9,236,437,321,49,121,113,30,141,143,40,308,517,41,233,58,100,302,117,224,142,331,204,251,461,97,103,59,75,136,47,41,100,637,416,180
15,4,43,129,279,79,45,4,51,14,10,226,404,331,52,159,97,30,161,141,61,293,518,45,243,53,128,320,122,197,136,311,220,277,468,97,100,55,69,142,48,37,121,645,420,177
16,4,36,135,278,107,41,1,58,13,10,221,376,341,55,171,88,31,188,143,91,281,503,51,237,46,144,359,136,177,202,298,223,288,480,100,100,53,60,152,56,35,134,652,416,174
17,4,33,149,233,134,37,1,75,12,8,220,368,341,60,177,76,44,215,159,132,279,502,55,256,41,150,381,157,164,225,290,224,292,482,99,103,52,54,173,65,43,146,654,408,174
18,4,42,177,216,167,33,-1,94,14,7,215,394,333,59,177,69,48,236,177,160,274,500,75,277,45,152,390,186,149,240,282,257,286,472,95,104,50,50,192,76,35,148,643,409,186
19,4,42,189,178,198,31,-4,103,15,14,207,441,322,55,152,62,50,253,180,152,270,480,89,284,56,151,388,225,140,222,290,304,276,456,97,108,50,56,226,84,38,144,632,417,235
20,4,44,225,174,220,30,-7,102,19,27,201,499,307,51,148,57,55,270,179,129,265,444,87,279,75,148,374,240,148,220,320,337,272,458,114,125,53,59,257,95,46,130,618,430,307
21,4,48,253,172,237,30,-7,93,20,36,206,536,291,47,143,52,56,286,161,117,253,409,82,265,86,146,357,233,179,252,370,366,298,478,154,155,54,63,277,104,52,124,602,439,370
22,4,65,286,170,252,39,-9,83,29,37,198,541,281,50,155,51,58,302,147,107,244,382,77,254,88,150,342,226,220,330,397,382,307,495,212,175,60,65,275,116,51,118,575,457,410
23,4,105,273,160,278,50,-9,72,44,33,189,534,276,59,158,54,63,316,137,93,225,366,71,246,89,150,356,218,233,378,393,357,306,502,258,179,81,67,258,128,49,114,537,481,430
24,4,147,316,192,296,56,-12,64,108,28,186,527,274,60,156,57,66,324,141,83,209,357,68,254,92,155,397,204,223,388,374,324,315,490,276,171,114,71,242,124,48,117,495,516,445
25,4,176,322,219,338,58,-7,57,170,25,188,560,273,64,148,68,66,327,161,80,214,363,68,272,94,178,434,192,204,348,350,270,351,464,313,161,146,79,226,124,52,127,452,541,481
26,4,206,319,224,351,54,-7,55,191,22,199,631,276,79,143,81,71,329,181,80,260,393,66,312,100,202,458,178,187,322,321,240,390,428,395,166,148,98,210,145,62,147,404,560,531
27,4,207,313,231,374,48,-7,56,196,17,211,655,288,110,129,91,64,327,188,90,280,424,66,329,110,224,467,172,170,290,290,241,406,393,460,188,142,112,193,207,83,154,369,565,585
28,4,214,305,317,381,46,11,60,220,14,220,627,307,134,126,123,57,322,182,105,268,437,66,326,117,232,461,164,162,288,279,264,389,364,505,216,150,118,178,255,90,153,361,549,630
29,4,219,319,373,381,46,78,64,275,14,214,581,321,155,130,155,53,320,171,152,266,446,69,309,123,234,436,156,155,280,257,307,362,357,515,230,195,120,168,263,88,149,375,556,664
30,4,222,330,375,376,50,86,68,309,13,200,548,324,167,127,185,72,325,160,193,275,459,73,298,126,247,414,154,158,266,248,359,325,351,516,231,241,129,167,273,85,146,432,582,692
1,5,225,366,378,389,90,94,66,314,12,186,556,321,165,123,200,97,327,156,216,282,471,80,288,129,283,394,180,180,252,241,384,301,378,513,234,254,140,168,310,84,144,490,601,705
2,5,246,372,380,424,165,129,62,304,13,177,610,319,162,119,202,105,328,164,240,286,477,85,296,126,308,396,215,199,237,232,386,280,427,519,232,238,162,167,376,86,143,533,613,694
3,5,277,381,368,452,220,110,61,298,18,169,643,320,160,116,200,116,331,178,258,283,469,86,306,127,331,426,253,194,224,224,383,281,466,537,218,215,223,182,457,91,152,558,627,647
4,5,285,435,376,426,234,88,55,305,23,171,614,331,158,140,193,145,337,186,272,275,451,91,293,129,332,448,298,195,216,217,386,289,508,552,200,184,282,201,488,95,153,560,635,547
5,5,311,485,437,380,223,165,52,328,24,179,569,344,161,195,196,149,344,179,325,259,427,103,282,136,314,484,362,215,226,215,393,300,547,575,183,157,306,239,502,100,150,564,638,451
6,5,351,493,455,360,204,173,51,355,26,197,541,349,177,220,226,138,353,166,383,243,402,140,277,159,316,503,431,246,290,218,403,333,586,603,166,139,302,339,503,108,158,580,628,378
7,5,360,498,485,350,187,162,52,359,28,215,533,346,179,245,275,122,362,157,412,228,385,171,272,175,335,508,500,287,366,227,410,372,622,594,166,122,283,434,494,105,162,611,607,327
8,5,355,499,516,347,180,148,46,343,26,234,545,339,171,242,314,105,368,165,393,207,377,212,265,209,366,497,532,323,398,236,405,426,653,553,166,113,274,510,474,101,176,638,582,302
9,5,364,499,545,359,163,126,42,316,25,255,571,324,166,260,343,96,406,182,365,228,374,246,260,235,386,488,564,385,397,239,407,477,678,523,161,97,275,548,458,107,208,657,561,287
10,5,376,501,573,384,140,140,40,290,26,290,607,311,168,278,355,98,410,191,317,268,404,252,254,246,430,496,588,458,398,232,414,507,702,476,161,87,282,567,425,127,246,669,576,286
11,5,388,504,602,400,129,182,39,272,26,331,640,364,167,305,356,98,409,200,319,268,460,244,243,255,483,512,601,511,404,224,412,519,725,510,172,84,310,582,425,181,279,684,599,293
12,5,400,497,625,412,154,198,51,270,23,364,669,460,161,356,368,98,400,214,364,272,503,240,232,287,530,516,608,533,405,223,435,537,744,573,183,85,343,599,449,244,319,695,618,308
13,5,414,488,610,414,207,204,78,301,16,394,687,510,158,420,389,100,387,234,385,272,523,237,234,328,568,517,622,532,396,230,492,579,754,606,198,99,364,610,471,265,342,696,640,371
14,5,437,473,604,406,250,165,105,344,12,442,688,502,162,451,403,98,381,269,385,271,565,230,238,363,590,514,642,514,380,235,561,616,756,615,248,114,397,627,518,291,339,692,649,465
15,5,458,463,600,395,257,148,111,404,12,468,659,470,179,447,411,96,382,303,374,264,608,230,249,392,604,501,680,509,364,234,615,647,755,605,285,121,433,634,548,345,339,687,637,554
16,5,500,454,592,390,225,124,123,450,17,477,622,457,195,424,412,94,378,322,359,269,638,222,271,413,609,493,710,520,342,232,662,680,744,585,288,126,449,631,542,391,346,693,623,596
17,5,562,448,571,334,217,121,160,482,23,482,601,493,190,466,412,93,383,324,352,299,665,220,302,431,614,480,726,536,345,223,702,703,725,556,274,129,439,620,540,417,371,696,620,621
18,5,596,442,539,278,261,118,179,508,25,490,595,551,174,470,416,97,422,319,370,302,693,248,336,432,624,482,745,553,399,212,733,732,698,534,256,142,405,604,527,437,382,703,637,635
19,5,617,442,490,262,324,105,196,534,23,494,595,589,156,449,431,98,486,312,384,295,711,289,361,435,625,516,760,566,464,201,758,761,660,506,239,186,369,598,522,455,385,707,683,638
20,5,630,513,458,238,331,102,210,542,22,479,613,598,141,478,450,100,542,301,434,290,719,329,373,446,625,561,768,571,516,195,774,785,612,502,228,238,346,619,533,463,379,717,735,647
21,5,634,524,437,220,321,102,223,537,28,455,649,586,130,532,456,103,576,291,503,276,719,350,378,465,628,594,770,591,557,189,784,806,560,540,221,286,323,640,547,479,380,724,781,665
22,5,625,550,378,211,297,91,237,519,40,427,678,564,126,569,458,110,595,281,546,266,717,346,384,490,639,618,764,598,574,182,792,828,506,580,217,318,318,657,562,473,382,728,812,687
23,5,583,560,364,198,267,99,254,493,57,408,698,556,132,590,458,114,603,260,569,264,722,330,385,515,669,638,749,612,590,180,798,842,464,606,214,326,305,663,570,474,379,734,844,712
24,5,526,567,367,196,249,96,273,469,75,410,709,557,145,607,475,131,613,246,588,277,735,298,381,538,685,654,720,631,606,177,796,850,430,625,211,326,294,659,589,506,373,759,878,724
25,5,526,572,397,208,267,105,289,434,92,444,714,554,151,620,506,177,625,242,599,280,749,265,378,552,707,673,675,650,629,174,791,861,403,652,213,331,279,636,597,552,361,764,906,733
26,5,569,575,408,234,315,124,299,414,104,476,727,558,149,622,533,218,642,259,604,274,764,239,388,558,728,687,616,666,650,169,786,875,383,671,223,336,254,624,595,582,340,779,925,737
27,5,619,581,418,264,355,165,303,409,108,492,755,570,146,614,536,237,645,306,608,262,778,220,398,554,748,694,562,673,667,167,776,898,367,676,244,341,238,582,591,598,333,789,942,737
28,5,637,588,494,297,376,246,303,406,116,515,785,587,144,596,510,262,642,375,601,255,787,222,427,545,754,699,546,676,680,164,764,912,350,669,252,339,228,529,592,593,341,792,955,735
29,5,633,596,517,303,399,241,300,406,122,548,813,587,140,579,527,292,626,443,583,266,792,256,464,525,752,698,565,678,690,163,753,918,336,654,248,323,233,474,606,563,358,799,959,734
30,5,610,620,542,286,432,263,302,435,133,573,842,557,141,577,539,327,603,485,543,349,796,285,515,491,741,686,616,684,695,164,748,922,328,647,237,308,251,425,621,546,382,803,954,735
31,5,582,652,570,266,465,326,326,458,154,580,868,522,148,542,570,366,579,515,500,373,811,301,563,451,730,662,648,715,694,158,748,925,332,640,240,307,275,391,650,568,409,815,947,734
1,6,576,666,609,245,473,326,367,460,180,590,872,504,155,450,601,389,568,529,521,486,827,310,593,407,722,636,672,739,693,149,753,934,336,619,240,333,296,363,678,588,497,830,939,736
2,6,562,680,637,229,460,385,396,455,207,574,851,516,160,406,619,409,554,527,558,550,845,312,612,360,721,624,690,756,684,150,758,951,361,606,243,393,311,350,698,612,552,847,928,740
3,6,546,694,646,217,422,437,413,449,245,555,811,559,200,375,619,418,565,522,588,576,855,309,630,322,723,608,705,785,672,149,760,977,410,598,260,438,351,352,707,630,575,864,917,745
4,6,531,704,648,203,396,490,442,435,281,563,737,609,270,374,613,418,590,518,599,577,859,300,637,297,724,610,711,806,674,148,757,1006,447,600,282,440,412,359,703,643,594,878,901,746
5,6,519,718,655,197,411,519,492,417,289,599,689,645,320,386,603,441,627,505,607,565,860,317,638,278,718,630,710,820,694,148,750,1034,442,617,320,408,459,363,689,658,594,890,887,740
6,6,521,724,655,191,432,532,534,392,281,628,708,673,333,390,608,459,657,477,611,556,859,351,627,268,711,655,704,835,722,150,740,1060,415,639,354,363,481,360,667,670,569,900,881,706
7,6,537,737,653,187,484,506,551,372,270,666,730,685,329,377,628,534,683,437,617,574,862,374,593,272,700,680,706,849,745,156,734,1085,380,655,364,324,476,360,650,686,528,910,877,661
8,6,569,732,650,190,556,448,552,354,269,696,751,689,315,353,641,569,708,395,633,600,860,405,564,293,690,704,714,864,760,163,730,1106,352,662,352,297,462,365,651,699,499,925,872,619
9,6,577,707,652,192,590,439,571,350,281,727,771,675,294,329,659,593,733,362,677,622,859,436,566,317,676,722,726,876,762,174,721,1113,332,654,324,295,450,383,660,714,501,935,870,602
10,6,545,667,655,197,610,455,587,354,286,749,788,649,265,337,669,605,746,352,696,645,849,441,584,343,668,730,746,880,758,197,708,1111,332,646,312,285,443,432,665,721,506,942,869,604
11,6,534,536,657,185,617,490,592,370,288,766,797,639,226,381,671,619,757,347,696,662,837,436,616,368,666,740,767,880,745,221,684,1102,370,636,327,274,435,485,664,728,526,947,866,617
12,6,547,506,659,195,612,485,604,388,298,775,799,657,183,412,661,636,763,384,695,670,823,428,645,447,660,744,786,867,735,250,666,1092,422,627,344,283,419,534,662,737,557,948,858,627
13,6,563,492,655,214,578,442,624,399,301,780,795,675,176,431,645,642,763,428,692,685,811,412,668,515,649,742,807,849,734,282,664,1072,471,626,350,306,396,557,655,738,572,945,846,630
14,6,580,479,643,234,509,390,652,407,292,778,785,693,184,436,618,651,760,440,690,691,787,408,685,559,630,724,830,819,738,309,670,1046,494,628,349,343,370,583,650,739,595,934,835,628
15,6,610,471,637,241,441,332,673,405,283,774,772,711,224,445,584,659,747,425,690,704,772,413,696,563,605,700,856,784,746,351,676,1016,500,643,341,384,367,598,647,745,633,929,827,605
16,6,641,470,631,248,397,317,688,396,294,759,756,729,251,463,563,664,734,387,700,716,765,426,710,557,595,663,879,749,756,394,680,982,506,668,352,417,393,599,646,748,665,922,823,586
17,6,641,522,619,257,393,303,698,383,323,745,741,748,248,464,572,658,723,340,705,730,767,468,718,555,609,624,897,717,760,411,692,944,505,694,371,446,435,599,649,749,688,911,822,572
18,6,598,532,588,274,404,315,706,365,356,727,727,763,232,445,584,650,719,303,712,743,772,503,731,559,623,574,918,694,757,421,714,905,494,713,412,474,470,599,653,752,710,892,824,564
19,6,552,541,568,300,420,364,714,347,385,707,715,784,215,429,585,646,723,276,719,749,780,518,743,571,634,526,938,696,745,428,736,864,483,720,455,500,488,588,675,752,726,881,826,566
20,6,544,553,557,306,424,408,725,335,418,697,704,794,209,434,576,649,732,269,725,748,792,526,749,581,642,488,957,706,732,425,753,818,465,714,461,519,502,578,698,754,744,875,828,583
21,6,552,579,533,311,402,419,744,343,434,665,697,804,206,482,551,658,749,281,726,743,798,522,753,583,644,455,969,719,718,422,769,780,445,701,462,520,529,584,713,751,762,876,831,608
22,6,588,628,524,317,393,400,758,391,437,660,695,811,208,532,527,669,774,284,701,737,802,525,756,575,645,426,972,736,712,422,782,766,428,681,454,499,568,589,734,749,780,879,836,629
23,6,600,690,503,316,452,398,773,454,427,662,697,814,211,578,514,680,802,275,668,725,805,539,754,559,635,406,970,755,714,426,796,770,416,646,446,464,601,609,758,742,791,880,840,648
24,6,587,702,477,300,523,466,788,479,414,663,702,810,217,615,521,695,831,261,644,707,809,565,760,528,616,395,964,761,718,437,806,781,404,599,453,433,621,631,783,728,804,875,847,664
25,6,574,706,468,272,545,497,806,495,439,678,709,804,215,642,538,710,860,250,623,678,816,584,772,482,589,386,954,762,722,456,819,792,385,547,466,413,635,657,817,681,812,863,853,669
26,6,557,707,459,249,608,429,821,506,452,685,718,797,211,658,563,723,878,243,612,640,822,587,785,434,558,372,944,760,723,470,825,796,360,506,484,404,650,688,838,650,821,843,858,670
27,6,538,704,451,249,633,465,830,517,471,684,727,791,214,661,584,729,888,266,620,613,824,571,801,398,543,368,933,760,727,476,818,792,342,474,508,388,663,721,854,608,829,816,862,668
28,6,516,698,444,258,654,498,830,528,483,676,736,784,222,653,595,725,886,303,643,620,826,543,815,380,523,374,926,767,728,490,810,780,326,451,519,364,675,752,871,620,837,773,864,642
29,6,486,695,382,262,668,526,824,535,497,651,743,778,245,639,595,712,884,316,671,640,825,520,828,365,492,392,921,771,736,496,794,762,320,432,517,348,684,783,881,650,857,740,871,613
30,6,449,702,280,273,672,554,816,539,514,599,749,771,275,627,588,700,887,324,698,660,817,522,844,363,471,432,918,774,744,481,776,728,344,418,506,337,678,806,892,673,868,708,883,602
1,7,443,711,229,260,658,573,809,538,522,561,754,675,275,618,576,689,892,373,717,677,815,520,861,378,461,464,914,783,757,446,765,683,399,405,502,328,656,825,908,679,868,675,901,608
2,7,462,730,241,256,639,575,803,525,516,521,757,677,256,613,571,694,901,416,722,689,805,510,872,410,470,470,912,794,766,429,765,654,428,394,507,320,636,839,919,677,851,643,921,631
3,7,474,746,257,262,631,575,796,497,485,496,754,674,236,621,562,708,917,457,715,691,797,484,880,470,482,458,909,804,776,406,768,640,436,386,522,321,625,848,923,662,829,631,937,661
4,7,486,761,274,269,640,568,789,457,466,476,750,674,220,625,547,724,918,464,704,681,792,450,885,504,479,444,902,815,787,420,778,641,453,379,536,329,624,861,929,648,804,637,947,696
5,7,517,780,291,278,652,568,781,455,482,454,748,682,207,615,514,738,917,453,702,660,784,411,890,545,478,472,893,806,798,473,782,642,482,370,535,354,636,876,936,651,765,646,950,722
6,7,549,796,316,282,660,576,771,493,513,448,746,704,196,599,487,752,912,428,709,635,774,372,892,560,496,517,875,796,802,521,800,636,511,358,529,385,658,897,939,667,737,653,944,751
7,7,571,807,326,290,657,577,759,557,532,470,742,732,185,577,495,763,903,409,718,616,766,344,889,559,511,554,852,780,796,544,806,628,525,356,521,396,675,920,944,675,716,659,932,779
8,7,594,820,347,299,625,560,747,613,553,521,738,748,175,549,542,770,893,405,725,609,759,335,881,554,520,586,830,760,787,562,806,624,525,405,512,379,687,945,953,684,698,672,914,803
9,7,627,846,380,288,574,517,735,647,589,562,733,784,170,521,587,764,881,410,729,604,755,343,862,545,532,620,812,724,778,573,809,622,514,460,490,353,695,959,959,677,688,694,891,823
10,7,657,869,414,264,550,460,722,672,618,612,726,801,171,499,615,747,868,416,731,612,754,357,841,539,540,652,800,694,776,585,809,611,502,492,464,310,698,958,962,663,687,715,862,835
11,7,677,905,484,240,556,416,712,683,639,624,717,817,183,490,636,718,856,416,723,623,748,367,810,530,540,685,794,678,773,588,805,578,490,517,441,290,698,948,955,619,683,731,827,834
12,7,700,921,532,222,574,403,718,678,649,618,696,831,218,482,657,686,844,429,719,638,737,367,767,512,527,717,789,690,776,579,795,548,482,538,440,273,694,929,946,605,680,744,799,829
13,7,723,932,552,209,585,397,727,668,658,631,667,839,247,468,683,674,829,479,710,651,716,364,719,500,512,747,782,717,784,548,790,532,512,548,474,270,682,912,933,602,673,756,786,804
14,7,750,939,564,200,595,402,739,646,668,640,640,843,264,446,704,668,811,549,699,665,696,366,667,514,505,768,778,744,786,516,790,523,556,546,516,268,651,890,922,613,661,760,789,767
15,7,774,947,563,187,596,443,745,623,685,635,618,848,286,425,725,658,802,583,684,677,677,373,618,530,490,787,774,767,796,484,794,512,600,552,522,259,602,878,911,629,654,761,801,719
16,7,788,947,543,177,585,500,743,590,702,632,620,849,337,408,747,646,800,607,671,689,665,416,577,554,466,801,778,783,804,451,798,501,637,562,524,249,540,859,903,642,643,765,811,668
17,7,799,946,528,169,585,537,730,558,734,629,632,847,348,400,763,626,805,614,657,691,655,446,538,566,430,811,789,794,812,420,803,493,663,580,528,246,498,844,894,637,632,769,819,615
18,7,793,937,521,163,590,556,690,523,768,619,627,841,334,393,772,594,815,596,650,682,665,466,504,575,413,821,809,794,818,464,804,489,682,605,534,246,507,836,883,616,614,777,825,570
19,7,773,921,490,156,591,573,650,494,783,595,612,832,314,386,778,570,834,555,650,663,679,521,476,590,414,828,828,792,827,487,798,485,700,631,526,252,536,833,869,581,587,782,825,541
20,7,762,895,454,149,592,593,616,473,793,601,601,816,293,448,780,574,849,510,640,639,695,576,458,619,451,834,851,780,836,521,788,469,715,645,493,282,564,836,851,546,568,799,822,521
21,7,734,879,408,154,601,614,585,461,799,612,591,798,275,507,771,600,859,489,620,622,708,605,447,632,483,836,872,764,847,559,772,448,726,652,448,323,584,843,837,538,568,812,812,505
22,7,694,865,370,161,616,630,565,462,799,628,579,781,261,543,753,625,863,488,589,618,719,614,439,645,483,834,892,748,852,574,754,432,740,634,401,394,607,851,820,567,585,819,799,512
23,7,634,841,347,167,633,634,547,462,800,673,569,761,263,582,728,634,853,510,556,622,728,607,442,651,468,822,901,733,862,586,740,426,756,575,363,469,632,857,808,589,599,819,783,527
24,7,572,792,314,155,629,641,546,449,801,680,559,742,275,594,695,638,837,538,529,614,727,594,449,652,454,804,912,717,860,587,730,431,772,533,334,516,657,866,803,595,618,809,763,534
25,7,537,769,275,148,619,657,560,430,796,725,545,732,287,599,645,650,812,557,508,608,718,575,461,649,450,775,921,695,850,588,719,453,785,507,316,559,691,872,797,596,641,789,747,547
26,7,548,764,273,142,613,675,570,416,785,748,530,733,318,603,586,669,789,558,490,602,708,558,480,639,460,746,921,663,837,585,714,490,792,497,298,577,713,880,785,601,665,766,746,571
27,7,594,750,270,142,619,690,565,402,775,801,524,741,353,600,532,688,775,543,490,612,693,526,490,636,482,723,916,616,820,566,715,526,784,500,296,596,732,885,772,608,685,752,763,599
28,7,620,727,276,142,624,699,549,383,771,838,532,742,378,589,501,701,774,517,491,638,662,487,486,642,516,708,909,551,807,519,722,558,758,523,289,604,749,886,766,620,696,743,788,625
29,7,607,709,279,132,632,697,546,374,773,866,547,732,398,581,492,712,779,492,487,666,651,454,476,646,548,702,894,512,798,459,735,589,718,553,286,601,762,879,770,630,702,748,810,643
30,7,571,681,288,131,649,677,560,364,782,877,564,710,405,571,482,721,790,475,476,693,651,436,452,650,570,706,878,497,797,410,754,630,670,587,282,569,771,863,782,639,710,753,842,647
31,7,503,670,297,129,665,636,566,361,796,872,579,683,405,558,474,725,796,476,489,713,654,453,425,656,591,716,865,508,804,382,773,673,618,606,279,516,774,844,803,643,715,767,855,651
1,8,408,673,321,125,676,584,557,364,810,852,,650,401,532,458,730,799,499,516,721,656,496,401,673,604,726,851,538,814,374,793,706,574,613,280,457,767,820,820,640,717,785,859,641
2,8,361,651,341,128,681,544,525,371,816,814,,623,405,499,446,735,797,502,557,725,665,524,382,692,614,740,843,577,828,372,806,736,557,608,282,412,744,797,835,634,703,794,862,632
3,8,357,628,347,141,677,519,481,374,804,758,,616,439,473,458,738,791,488,590,728,680,533,374,708,619,742,836,606,836,372,812,762,544,601,290,392,710,777,844,634,689,806,871,620
4,8,362,658,357,144,666,494,444,404,788,677,,632,469,495,488,731,794,450,608,742,699,536,360,719,608,727,832,628,835,386,810,778,542,596,298,381,678,765,849,643,667,819,886,607
5,8,398,680,358,164,654,481,412,420,768,607,,662,486,525,516,705,800,407,610,760,712,538,371,722,581,696,828,658,828,395,798,784,546,590,303,359,661,758,847,653,644,834,904,608
6,8,416,658,351,208,642,485,397,421,748,543,,694,480,533,533,652,812,370,614,772,718,545,401,718,548,667,820,670,810,396,783,765,567,578,298,348,645,754,837,671,622,854,913,620
7,8,405,602,323,250,612,515,392,404,729,508,,721,449,527,547,573,827,338,588,789,718,568,421,708,512,641,814,676,786,407,772,714,588,576,292,332,633,763,826,694,623,863,915,632
8,8,395,569,297,295,571,565,403,367,721,517,,743,415,502,560,498,843,314,550,806,717,586,432,676,472,626,810,676,752,417,762,649,607,591,292,319,630,770,796,714,642,872,910,637
9,8,392,536,278,337,522,608,411,334,719,552,,756,400,470,564,459,854,296,474,817,714,600,443,618,446,617,804,678,698,416,756,576,620,600,305,316,626,775,765,742,661,877,895,625
10,8,386,516,270,348,474,641,404,311,719,562,,760,412,465,555,453,859,284,432,826,716,612,453,554,446,619,796,686,658,404,752,520,636,612,324,315,622,773,722,750,673,879,870,589
11,8,383,500,258,345,462,671,388,303,715,560,,752,415,460,532,481,846,280,419,832,718,619,458,482,492,628,786,694,602,390,752,498,665,620,337,311,607,752,683,752,684,878,844,537
12,8,383,500,249,307,454,701,378,291,713,578,,730,410,455,496,525,825,292,472,834,715,620,459,448,557,640,779,700,552,378,755,501,686,635,343,301,584,716,640,747,692,876,800,496
13,8,395,575,245,237,465,722,375,284,714,587,,695,401,450,450,568,787,329,512,830,702,617,466,469,596,665,774,702,532,366,761,508,706,660,338,286,555,667,602,742,701,872,746,465
14,8,412,620,255,182,474,739,368,277,720,587,,649,414,420,408,599,734,382,519,820,677,612,482,528,611,689,756,706,527,370,772,518,717,684,350,270,518,612,574,727,710,869,685,436
15,8,410,630,269,172,483,754,353,271,732,597,,613,441,422,389,622,671,421,494,810,641,602,496,561,610,708,725,710,544,403,780,522,719,699,377,255,489,571,539,713,730,863,652,418
16,8,401,630,279,175,492,768,339,268,742,617,,580,447,424,397,631,624,443,469,801,604,592,504,561,613,725,688,713,566,432,787,546,713,704,396,262,471,520,523,705,750,856,639,397
17,8,397,630,278,222,504,775,339,263,741,617,,561,457,418,430,626,592,431,450,785,579,587,510,534,614,733,673,718,576,424,790,579,696,706,398,296,465,479,505,705,762,847,632,384
18,8,408,595,268,262,518,774,376,266,746,592,,555,472,400,482,608,580,398,448,772,562,584,506,499,622,738,676,720,580,414,786,594,665,696,406,336,472,453,487,707,770,856,617,385
19,8,401,571,266,243,524,764,395,268,748,556,,591,484,381,519,579,579,364,456,769,539,574,491,495,634,738,679,722,592,396,776,580,630,688,411,347,472,439,468,710,766,863,590,404
20,8,367,574,277,241,533,743,381,267,732,539,,631,482,365,541,564,578,331,460,772,520,546,461,509,656,726,674,732,603,383,759,538,602,683,419,335,457,427,451,713,753,868,552,428
21,8,348,587,284,234,528,714,361,267,715,540,,665,459,344,550,564,583,304,458,779,507,514,429,546,674,694,662,752,617,365,739,490,581,684,433,338,426,415,436,714,723,875,525,450
22,8,343,613,289,217,518,681,340,273,701,527,491,686,418,319,549,558,601,276,448,784,496,496,402,586,689,644,638,771,620,349,714,455,598,686,444,402,403,402,428,709,688,876,505,460
23,8,339,618,290,211,513,640,329,313,674,502,482,701,371,295,536,565,625,261,443,775,484,499,384,620,686,594,600,792,620,338,707,435,627,685,441,484,370,389,420,697,640,877,526,484
24,8,319,621,280,228,514,596,327,388,663,483,471,707,333,281,521,597,643,245,461,759,479,504,366,635,662,577,560,814,622,323,710,439,652,674,445,530,343,378,408,671,584,862,571,483
25,8,296,628,269,271,513,580,323,455,660,465,460,712,295,272,519,621,651,235,470,740,483,492,359,626,622,601,546,826,625,310,711,461,670,642,444,547,331,363,400,645,538,843,627,472
26,8,278,628,263,319,472,585,307,492,664,445,449,715,265,266,541,636,647,236,458,722,484,475,358,587,574,629,560,833,632,306,712,487,680,595,432,552,336,354,390,608,523,827,675,420
27,8,266,631,259,343,439,602,287,494,668,426,440,722,246,258,563,640,638,249,429,712,473,461,357,525,524,651,576,830,640,308,716,517,680,532,418,546,397,346,382,569,529,806,709,382
28,8,255,635,249,316,413,618,271,469,675,409,433,731,233,250,569,635,633,286,405,708,452,434,368,460,470,668,583,817,648,300,714,545,670,478,399,527,438,357,378,505,539,784,735,353
29,8,248,636,239,286,389,632,259,436,685,401,425,740,228,242,560,622,632,293,372,714,426,403,382,428,424,666,576,788,650,288,706,562,643,460,360,500,449,391,373,452,539,746,748,333
30,8,245,620,224,272,382,645,253,408,696,392,418,746,230,234,543,602,636,284,355,723,402,369,385,406,388,639,546,751,651,276,688,570,600,476,338,463,436,440,379,432,526,701,745,317
31,8,247,610,217,269,406,640,248,384,716,389,410,746,254,227,536,567,640,268,351,732,383,344,373,421,370,599,512,696,675,269,658,558,555,532,327,424,412,444,388,404,532,666,737,306
1,9,251,617,187,269,441,618,244,382,724,392,402,735,269,222,529,512,637,261,369,734,366,321,353,444,361,552,496,640,680,268,624,528,508,574,304,374,386,425,398,392,553,653,730,298
2,9,280,626,182,273,460,579,240,397,733,399,398,710,260,212,529,457,625,238,403,722,357,299,333,443,352,505,488,614,684,260,570,477,470,595,288,336,352,402,401,390,572,639,730,290
3,9,350,642,174,275,473,532,243,387,739,405,398,675,247,219,518,411,591,254,422,697,353,275,315,424,338,469,480,630,672,249,524,428,438,602,273,307,327,379,415,391,592,618,733,283
4,9,402,656,172,267,479,490,249,365,750,407,397,607,233,223,499,375,567,269,426,666,350,266,303,406,329,421,464,648,633,240,477,384,414,602,265,285,306,366,420,380,587,605,738,277
5,9,412,671,170,238,497,454,246,377,760,400,396,540,217,223,490,349,532,256,422,620,348,259,304,391,326,394,446,651,575,233,445,354,403,600,263,270,288,365,439,365,572,599,740,273
6,9,397,687,168,210,514,432,243,458,761,397,394,506,206,223,490,328,497,238,406,574,344,253,307,393,330,374,420,637,505,225,425,334,396,577,262,264,276,361,482,354,530,587,738,265
7,9,366,689,166,194,525,412,240,496,761,406,392,495,198,227,485,311,459,222,385,554,344,249,306,421,329,366,416,601,458,218,409,321,384,549,261,268,274,380,512,354,507,595,735,259
8,9,346,686,164,184,533,430,235,492,756,432,391,488,192,229,461,303,429,208,362,574,362,261,304,474,313,359,437,557,435,212,410,316,370,514,249,273,285,402,542,360,485,614,727,252
9,9,333,663,158,177,542,470,226,479,756,435,386,471,186,227,438,297,413,198,341,592,404,281,303,508,308,357,472,518,418,206,431,318,352,493,234,270,304,402,564,360,470,631,716,247
10,9,310,590,145,169,551,505,218,453,757,409,376,443,176,225,435,295,411,189,322,593,444,290,300,487,312,356,472,489,403,197,453,321,338,475,220,257,333,392,577,344,470,636,697,243
11,9,289,544,158,159,559,532,213,412,768,393,367,415,165,221,440,291,409,185,303,557,455,270,290,450,334,352,463,471,396,191,494,331,327,467,209,241,359,375,569,337,475,622,667,238
12,9,274,515,178,154,566,566,209,358,755,396,358,394,155,220,435,279,451,185,293,506,439,295,277,411,350,346,440,461,388,190,540,343,316,460,194,225,371,354,548,337,483,584,620,237
13,9,261,495,182,150,572,595,208,308,727,397,350,371,148,234,416,266,487,194,279,461,406,345,271,376,362,334,414,457,389,190,576,344,308,468,187,214,367,333,539,340,476,536,581,236
14,9,265,470,182,147,580,613,209,285,683,389,340,351,141,258,391,259,489,205,277,440,369,400,268,377,414,319,392,456,404,188,591,336,304,484,181,198,364,335,569,343,467,494,552,234
15,9,292,455,182,145,571,627,213,254,608,378,334,337,135,288,364,258,474,212,295,421,343,494,268,428,488,306,384,459,429,192,577,321,300,504,177,188,370,347,606,334,442,466,536,237
16,9,319,449,185,145,557,635,217,240,535,367,336,331,129,320,339,257,478,216,311,406,320,506,267,476,537,296,387,485,444,204,532,308,294,539,172,181,385,366,630,318,416,438,537,240
17,9,329,441,190,144,545,634,216,219,502,353,346,334,124,334,318,250,488,212,311,407,307,491,264,526,554,288,389,505,439,215,472,303,288,570,168,176,397,369,656,305,391,420,533,236
18,9,330,441,192,141,532,622,211,220,434,338,356,333,118,311,300,241,487,199,321,414,295,457,256,523,550,285,396,506,418,226,429,306,282,567,165,174,399,361,664,295,375,401,522,232
19,9,316,440,178,141,509,591,203,225,399,325,365,327,113,285,291,233,481,183,349,412,287,414,245,487,523,292,408,491,392,230,402,318,276,527,163,180,405,354,652,293,396,396,523,225
20,9,297,433,158,139,474,546,192,234,380,315,367,320,107,260,277,230,483,167,369,402,286,386,234,426,486,324,408,478,369,228,383,334,269,478,162,193,434,353,603,292,444,396,533,219
21,9,292,420,153,134,460,475,181,230,365,313,356,324,106,238,265,232,505,156,368,385,288,364,223,385,461,348,404,470,371,227,391,327,264,429,168,218,440,378,544,289,472,423,550,216
22,9,286,427,141,130,448,410,173,222,356,316,343,331,104,223,252,236,510,148,349,365,294,338,216,370,434,350,392,468,382,222,424,321,259,392,180,212,413,412,482,283,467,432,569,213
23,9,276,436,138,127,431,386,166,218,351,337,333,331,104,207,244,240,503,140,322,351,306,325,211,372,410,340,375,456,380,212,475,324,256,365,195,201,369,424,436,281,432,522,585,210
24,9,270,448,135,120,427,352,164,232,345,358,324,342,104,197,251,246,469,137,294,355,310,317,207,364,387,326,358,436,375,206,496,343,252,343,208,186,328,420,403,279,389,539,600,208
25,9,267,444,133,115,419,355,162,264,346,384,316,361,112,187,293,246,425,138,276,394,310,318,203,342,392,312,346,414,366,194,489,365,246,328,208,172,304,408,375,279,365,525,607,208
26,9,266,437,132,114,414,361,160,299,368,384,313,361,123,183,357,238,387,138,287,435,309,309,194,322,386,304,330,409,364,186,466,404,240,314,202,166,294,400,353,279,339,490,596,213
27,9,262,423,130,113,409,364,160,292,379,374,315,338,123,179,392,228,359,136,304,488,312,291,187,305,382,294,314,414,380,176,428,414,238,302,187,152,278,379,338,290,322,454,562,217
28,9,244,399,128,112,402,359,163,277,379,352,318,313,121,173,374,219,338,134,310,521,317,268,183,303,372,280,306,422,400,169,413,403,235,293,173,146,260,351,325,309,302,421,525,220
29,9,237,382,131,112,396,341,170,269,369,330,315,293,120,166,344,218,325,134,306,547,321,252,181,310,368,262,296,419,410,162,407,378,228,284,160,139,244,328,311,320,294,403,514,219
30,9,225,367,132,111,385,315,177,267,356,336,308,279,117,161,327,225,318,135,288,573,330,240,183,334,351,246,298,415,404,154,404,356,220,275,151,133,233,316,306,336,295,398,512,213
1,10,222,382,162,111,375,298,181,265,344,370,299,268,113,160,309,265,347,138,273,583,365,233,187,354,327,234,296,409,386,152,389,336,224,270,143,128,223,317,300,414,294,392,496,207
2,10,231,367,166,110,365,284,189,273,354,388,294,258,110,160,301,287,378,137,255,586,386,228,188,363,308,223,294,400,361,150,374,321,232,270,135,123,208,322,293,470,291,381,469,203
3,10,236,344,173,108,356,280,200,270,393,385,291,248,103,162,292,294,370,131,244,581,393,221,186,356,298,216,291,392,339,145,372,312,236,275,129,119,202,313,289,467,283,367,442,195
4,10,231,324,172,106,348,292,201,274,449,380,297,239,98,159,284,288,346,124,242,570,385,211,181,330,289,213,288,376,322,141,371,302,231,301,125,115,197,303,282,427,275,353,415,190
5,10,225,311,167,104,339,313,194,261,478,391,309,232,96,158,274,273,330,118,264,545,386,200,175,308,286,212,284,358,308,139,379,295,225,325,120,111,193,288,273,375,264,342,409,183
6,10,220,313,147,103,330,317,184,242,474,403,320,228,92,157,266,256,313,118,298,518,378,189,163,296,288,210,274,340,301,138,378,290,220,350,117,109,191,279,265,326,254,336,421,180
7,10,198,313,138,102,320,303,175,224,444,398,317,223,92,167,268,238,301,119,335,513,359,179,158,285,301,216,264,330,309,139,359,329,215,363,113,106,187,267,256,292,247,332,441,179
8,10,185,323,131,100,311,285,166,209,397,376,304,213,88,156,286,216,295,120,378,542,344,172,155,282,311,219,253,332,313,138,334,367,208,354,112,105,183,256,248,270,249,281,448,175
9,10,185,360,129,99,300,270,156,193,349,359,291,210,86,154,338,205,287,120,392,577,334,166,156,274,324,219,244,337,308,142,309,375,202,331,113,102,176,245,243,266,257,327,446,173
10,10,197,394,136,99,291,253,149,182,302,366,280,208,85,158,419,191,278,115,374,608,324,162,155,266,337,220,239,343,302,149,289,360,200,305,118,101,172,244,235,252,265,325,430,173
11,10,205,408,148,97,281,242,147,172,275,407,278,205,84,160,463,182,270,107,327,632,310,159,150,251,345,228,234,333,305,150,273,345,192,286,125,97,164,245,228,251,262,327,406,173
12,10,215,409,149,94,275,233,143,164,256,402,277,203,81,159,498,172,261,97,285,646,295,156,144,238,342,242,229,319,320,144,260,330,191,268,134,93,160,252,221,287,258,331,396,171
13,10,225,419,145,88,271,224,146,160,243,486,282,206,82,154,522,170,254,92,251,648,282,152,139,224,327,254,225,308,347,140,252,314,201,256,138,91,160,262,214,291,258,335,389,169
14,10,211,437,134,81,267,215,169,158,234,500,289,214,87,150,537,174,245,88,234,633,266,150,135,214,308,254,222,302,383,136,245,302,234,250,140,88,159,274,209,306,252,333,390,165
15,10,196,422,126,76,263,207,231,159,235,485,293,228,91,146,560,179,239,87,221,603,254,148,129,209,294,250,218,308,406,137,238,316,270,249,142,86,156,273,208,311,240,328,396,160
16,10,203,447,124,73,259,199,320,169,239,409,297,248,95,143,568,184,231,93,212,554,246,147,126,199,270,251,215,328,406,142,231,333,289,247,147,83,154,261,203,292,233,321,408,157
17,10,217,395,122,68,252,194,357,182,316,397,299,260,89,146,557,184,229,102,209,500,238,149,123,212,252,254,210,354,391,148,226,353,288,241,158,80,149,252,202,271,223,315,436,154
18,10,220,366,128,63,245,188,364,206,354,381,297,254,85,146,521,179,227,100,217,458,233,153,120,225,238,244,208,362,370,156,222,379,277,237,163,80,146,243,200,258,214,332,458,153
19,10,226,352,139,66,238,183,350,253,367,364,298,236,80,160,475,172,228,95,220,429,231,159,118,252,228,230,206,352,339,168,224,391,266,232,164,80,141,237,199,246,213,324,458,153
20,10,238,338,152,64,231,185,324,291,366,351,296,219,75,184,441,164,242,93,221,418,231,160,116,288,222,217,205,342,322,179,231,408,250,224,162,80,137,230,199,239,206,328,446,157
21,10,240,286,153,64,227,196,294,291,354,341,285,207,71,202,405,155,240,89,220,430,233,158,115,304,220,208,209,325,308,176,234,464,238,220,156,80,135,224,205,239,202,332,451,160
22,10,227,269,151,63,223,224,268,292,349,327,,197,68,208,372,146,237,85,215,445,238,150,114,308,227,198,210,309,300,166,238,511,231,236,149,80,132,217,233,243,196,341,452,161
23,10,224,259,145,62,219,253,246,245,341,313,,191,66,208,331,140,233,81,208,442,254,141,114,299,244,190,213,294,295,153,249,529,227,253,149,80,132,204,246,254,186,357,436,165
24,10,221,254,137,62,214,254,223,218,322,303,,189,66,198,302,133,228,79,194,435,259,132,114,267,260,182,218,283,291,145,274,530,226,261,151,79,131,198,275,255,176,383,414,183
25,10,200,246,125,61,209,246,205,192,322,299,,187,67,184,277,132,226,78,184,422,252,126,123,238,276,176,220,280,283,145,286,520,223,246,148,76,135,193,321,275,171,432,395,207
26,10,190,229,123,61,208,233,192,174,332,335,,185,68,167,258,136,223,82,175,392,242,122,143,213,286,169,217,280,273,150,287,520,213,239,146,74,145,188,341,296,167,442,382,225
27,10,179,215,121,61,221,217,183,160,262,367,,183,67,150,243,142,214,88,170,373,235,120,175,195,268,162,209,285,266,146,285,547,205,234,150,74,164,186,332,298,162,446,372,217
28,10,169,208,117,60,229,201,176,151,240,404,,181,63,138,231,148,210,87,166,356,226,117,200,183,265,160,208,288,259,142,296,572,193,226,152,74,182,185,296,286,157,450,388,207
29,10,199,201,109,64,237,190,171,144,227,382,,179,60,126,221,156,208,84,161,327,218,118,206,172,304,158,207,290,253,140,311,574,182,216,157,74,188,187,265,263,155,456,432,203
30,10,237,200,105,69,244,183,167,138,218,378,,176,58,119,212,158,208,82,160,321,212,125,193,161,340,157,208,289,250,138,333,549,173,204,176,74,183,196,247,246,154,459,448,195
31,10,230,197,101,75,251,179,164,132,210,365,,175,55,112,207,153,203,82,163,305,215,132,177,166,350,156,213,285,250,137,366,497,167,202,192,72,177,195,219,230,154,449,444,186
1,11,216,188,97,83,254,175,163,130,208,342,252,174,51,108,203,144,197,84,172,293,235,144,162,168,353,156,212,274,249,143,370,442,160,232,212,70,170,190,205,216,145,428,436,176
2,11,211,180,93,84,257,190,170,140,211,322,258,165,47,104,199,140,192,81,176,282,263,156,152,174,351,158,231,260,246,156,359,403,158,268,218,68,163,185,197,204,155,402,437,166
3,11,206,178,89,86,266,211,199,154,209,303,262,159,44,102,197,145,186,80,182,274,261,185,147,180,337,158,261,252,244,181,337,382,161,286,209,66,157,179,189,198,159,382,442,157
4,11,197,178,85,92,301,239,239,161,203,287,260,154,42,102,192,162,179,81,179,262,240,231,144,178,316,155,279,246,242,224,308,400,169,304,185,67,155,178,183,192,165,367,448,151
5,11,189,173,81,93,336,314,270,175,193,303,253,149,42,106,186,194,173,80,176,257,223,254,144,180,296,150,292,258,239,240,288,470,170,291,166,71,152,185,179,187,170,359,466,145
6,11,184,169,77,92,334,355,281,183,186,351,249,145,41,108,179,213,170,80,178,252,212,252,142,224,286,148,298,272,236,238,294,526,173,258,144,81,144,189,176,186,177,341,529,142
7,11,172,162,73,91,315,353,282,182,185,407,245,141,43,113,173,225,168,79,194,250,201,236,137,299,265,146,289,264,236,225,308,544,189,256,130,84,139,187,175,185,222,327,590,141
8,11,164,160,70,88,294,343,276,178,193,458,241,140,44,123,169,248,168,72,198,249,196,218,134,362,239,145,265,263,241,212,334,531,193,261,122,81,136,184,183,186,268,313,620,138
9,11,160,158,77,85,287,329,262,171,240,510,238,138,42,134,171,249,167,67,201,242,190,197,137,379,224,154,241,258,242,203,359,478,189,280,118,81,141,181,200,195,311,303,640,138
10,11,158,155,91,83,300,309,248,163,295,532,231,135,47,142,177,233,162,63,202,232,186,178,161,360,214,182,222,248,235,198,390,411,184,292,133,85,142,180,207,193,332,304,650,138
11,11,156,154,92,77,340,282,231,153,319,529,220,133,51,164,181,212,158,59,198,223,187,165,194,326,206,196,208,231,228,185,393,362,174,290,148,88,139,185,210,191,367,315,658,134
12,11,152,158,89,73,389,261,213,146,313,538,213,132,59,172,182,194,155,55,189,217,194,151,221,310,190,194,202,219,219,166,374,340,166,299,161,88,135,185,207,183,371,329,670,132
13,11,148,169,85,70,405,244,196,141,291,535,213,130,77,164,180,185,157,51,183,211,220,138,231,310,169,188,196,212,214,160,356,334,164,306,156,86,131,182,206,179,364,327,678,132
14,11,146,179,81,73,395,224,178,142,269,511,225,128,82,152,179,187,154,49,180,208,260,132,233,303,164,189,200,205,212,151,346,332,163,302,151,83,129,179,202,176,348,323,675,133
15,11,145,195,77,80,377,207,167,141,249,485,239,125,87,150,176,204,156,48,172,217,258,150,226,286,158,194,215,202,234,138,349,328,157,290,156,79,125,170,193,174,323,315,659,134
16,11,145,211,73,87,363,192,155,137,230,463,245,123,92,158,167,227,161,46,161,225,248,156,215,269,152,190,230,202,254,131,362,325,162,279,177,74,119,162,180,167,299,302,624,133
17,11,149,224,69,85,356,180,146,129,212,446,236,120,95,184,156,230,184,51,152,252,245,153,198,245,146,181,245,202,277,126,383,340,175,271,210,71,115,160,170,161,283,292,572,133
18,11,167,229,67,80,354,170,142,123,194,452,222,117,95,205,141,229,198,61,143,280,277,148,179,219,146,171,256,202,289,124,391,365,182,255,246,68,112,160,161,173,272,289,507,133
19,11,206,232,61,77,371,162,145,120,184,450,211,115,97,236,146,229,197,73,136,283,360,140,166,199,145,164,268,203,296,125,380,379,184,238,267,66,111,160,156,186,270,292,450,131
20,11,262,232,57,65,384,155,155,117,179,427,206,116,105,254,138,248,216,83,131,275,409,134,158,184,144,157,280,203,302,132,374,405,185,223,273,66,114,159,151,284,269,300,412,127
21,11,278,213,53,61,377,151,165,114,171,413,205,119,111,260,135,268,231,85,127,261,429,120,154,177,140,154,294,200,309,146,394,447,180,213,272,66,118,152,147,374,264,307,397,124
22,11,296,195,49,58,350,153,161,117,162,404,202,119,117,259,144,273,240,81,124,249,431,113,157,171,138,164,294,194,336,153,414,477,168,205,278,65,133,150,145,382,262,314,398,123
23,11,297,185,49,54,329,162,153,115,167,433,195,116,117,258,160,278,238,78,124,244,408,109,175,166,137,165,279,189,374,145,427,485,158,199,294,64,157,145,144,380,254,318,401,120
24,11,310,172,53,50,307,174,148,113,182,485,187,113,112,260,183,280,232,78,127,251,382,105,186,159,129,157,256,181,399,134,430,472,150,199,306,62,171,141,142,373,251,318,398,119
25,11,323,169,53,48,299,214,157,115,190,520,196,110,104,270,192,268,234,78,131,273,361,101,182,155,125,148,239,180,416,125,430,446,140,194,298,62,181,137,141,403,310,352,403,116
26,11,235,162,49,47,279,227,174,121,191,507,218,106,91,274,214,248,240,78,136,317,348,97,166,152,122,143,218,171,414,120,452,396,133,188,295,66,186,131,145,424,393,385,408,115
27,11,239,157,46,49,261,213,195,125,195,472,232,103,80,330,248,232,233,74,145,365,339,93,152,156,120,143,210,165,387,123,458,362,127,184,296,73,184,127,159,425,425,397,440,116
28,11,239,153,49,44,242,204,218,120,208,436,246,99,72,293,281,219,226,71,156,369,328,92,141,175,120,160,215,162,348,122,449,342,121,183,282,76,181,123,167,395,448,393,486,121
29,11,229,149,53,39,228,203,248,121,234,414,250,97,65,402,306,199,208,65,159,351,307,89,132,190,124,174,231,160,320,116,450,333,118,192,261,73,177,122,171,345,468,387,518,123
30,11,217,145,57,32,212,199,261,117,255,392,243,95,59,373,320,188,200,61,160,316,281,85,128,188,127,178,234,158,302,111,456,329,118,216,234,69,169,122,172,306,469,399,532,120
1,12,211,142,53,39,201,198,258,113,270,372,238,92,53,338,311,178,200,57,159,281,253,81,132,188,127,178,224,157,294,106,451,336,121,255,211,67,162,121,169,276,444,405,546,118
2,12,198,140,50,46,191,205,254,107,270,352,240,89,49,302,284,167,212,53,157,250,232,84,134,177,126,186,212,161,290,102,438,358,133,272,193,68,149,120,173,253,395,394,565,116
3,12,194,137,47,53,180,234,261,100,262,333,245,87,48,277,263,154,211,52,159,227,217,78,136,170,126,190,202,167,283,97,418,396,154,280,178,73,139,118,197,234,356,375,580,114
4,12,192,134,50,59,171,257,268,94,256,318,254,85,56,274,239,144,207,57,160,211,206,82,131,158,124,188,194,188,273,95,394,399,172,285,172,76,123,116,230,228,335,356,593,113
5,12,186,131,56,63,165,263,268,89,259,306,264,83,68,262,234,140,199,69,160,203,200,83,126,155,121,191,194,214,264,96,366,366,209,297,166,75,109,116,239,243,330,375,600,110
6,12,174,129,61,69,156,260,258,84,280,297,275,80,70,244,233,141,188,79,161,194,195,84,124,150,116,203,212,228,260,96,342,334,252,297,157,75,100,114,231,256,320,379,610,110
7,12,172,126,65,73,149,277,240,80,333,287,280,79,68,222,227,152,178,79,160,192,192,87,126,143,111,217,229,228,274,93,328,319,272,284,148,71,95,114,213,247,306,379,632,108
8,12,172,124,73,80,144,344,222,77,393,276,276,78,71,202,221,167,169,73,160,192,191,90,130,137,107,231,231,216,312,88,317,310,270,268,140,67,90,115,198,238,291,380,655,108
9,12,172,118,102,85,138,361,209,77,429,278,271,77,75,182,219,192,165,68,150,189,195,90,134,133,104,250,225,206,357,86,309,294,257,248,132,64,85,118,186,221,278,379,678,107
10,12,166,113,97,90,130,361,196,78,425,282,277,77,76,172,212,210,158,64,145,190,200,90,132,126,101,264,210,198,359,86,313,278,238,233,128,64,81,115,177,217,265,396,686,106
11,12,162,113,93,94,122,348,195,79,400,279,289,80,77,161,199,213,151,66,138,189,204,87,134,122,98,270,194,193,338,86,322,262,218,223,139,64,79,111,175,223,254,431,704,105
12,12,156,113,91,100,115,333,207,79,377,272,301,82,78,157,188,207,150,69,136,198,211,85,126,116,96,260,184,196,325,86,321,251,199,216,156,63,80,105,169,240,244,474,712,105
13,12,149,113,89,108,109,304,216,76,380,267,308,86,77,154,181,196,150,73,136,192,211,94,126,115,95,240,181,230,347,88,311,242,181,206,175,61,82,103,166,257,240,510,710,104
14,12,141,113,85,113,115,269,217,73,399,271,301,92,73,154,180,190,150,80,137,182,205,124,141,114,100,217,182,264,411,86,298,235,167,205,167,56,81,107,165,261,243,528,689,105
15,12,135,113,94,120,124,238,216,73,407,278,285,98,74,156,178,194,148,83,140,170,200,138,158,118,112,210,188,271,458,87,286,228,156,200,160,53,80,108,165,275,255,544,651,109
16,12,133,112,109,126,134,220,213,73,408,290,267,106,75,167,176,210,144,87,137,165,198,136,161,124,120,206,196,274,488,88,279,222,152,194,141,49,79,106,163,321,262,557,604,116
17,12,130,110,110,130,145,213,209,67,403,295,250,114,79,172,175,222,141,88,130,162,206,130,153,122,120,238,207,278,503,90,285,217,152,189,134,46,82,104,158,362,253,558,556,126
18,12,130,110,98,135,158,217,202,62,386,305,239,116,87,172,171,235,142,82,127,157,221,137,144,120,118,260,223,296,506,91,309,213,168,184,133,44,84,104,159,362,244,550,510,129
19,12,143,110,93,131,168,215,191,58,366,312,231,112,87,166,163,267,138,76,123,153,218,150,136,119,111,269,235,308,504,96,352,214,194,181,138,41,87,102,169,338,239,527,468,124
20,12,146,113,87,127,179,205,187,58,336,309,220,107,80,158,153,297,137,72,120,153,207,164,131,115,109,280,234,311,493,110,374,229,193,179,142,38,117,102,176,313,230,498,434,117
21,12,148,117,82,122,190,191,185,56,310,299,210,109,72,148,147,288,126,69,120,158,196,160,128,112,109,276,224,310,477,123,373,256,178,180,143,36,138,98,174,289,222,471,410,113
22,12,162,121,74,113,200,178,179,58,285,297,202,118,65,142,145,256,125,65,121,167,185,147,125,110,110,266,209,322,473,126,364,263,166,180,139,34,153,97,168,270,229,455,392,109
23,12,166,123,69,106,210,168,173,61,259,294,197,128,59,146,144,229,119,60,126,169,175,131,121,116,110,270,196,334,489,124,357,260,158,181,134,33,177,98,158,263,233,448,380,103
24,12,175,123,65,96,224,158,164,62,238,280,192,133,53,170,141,220,117,56,131,174,166,129,124,118,107,282,188,332,487,119,384,255,152,182,130,32,191,98,150,262,250,447,374,102
25,12,178,120,63,89,237,148,164,69,225,263,189,140,49,191,138,228,117,52,148,195,160,131,130,115,102,298,180,326,482,115,421,245,154,182,131,31,193,98,145,260,256,450,383,104
26,12,178,116,61,84,244,140,162,76,230,248,190,145,45,190,135,239,112,49,179,200,160,137,134,111,97,322,172,323,482,119,440,228,155,177,135,30,197,98,140,258,263,455,393,114
27,12,178,113,59,79,250,134,159,77,233,238,201,149,46,178,134,238,110,47,243,206,160,138,136,107,93,337,178,319,467,129,439,219,158,170,140,29,214,101,140,255,287,457,392,126
28,12,193,113,56,74,258,127,154,71,219,215,214,148,57,152,135,227,110,45,281,207,166,123,127,100,93,351,194,324,466,128,417,214,157,162,134,28,237,113,142,256,337,459,375,131
29,12,196,126,55,66,263,123,147,64,202,207,225,138,67,150,138,211,111,42,298,202,173,117,121,94,92,355,202,338,480,122,392,217,154,154,126,30,248,125,140,287,364,464,355,137
30,12,198,144,68,61,269,120,142,61,190,201,222,129,68,150,135,200,112,42,334,201,179,112,118,92,92,357,199,355,504,115,364,225,154,154,125,33,253,128,136,308,375,453,342,135
31,12,198,155,75,56,276,117,138,60,182,197,204,120,65,155,129,190,110,42,365,205,186,107,118,88,95,335,192,342,542,108,338,224,156,156,133,33,259,124,133,299,371,437,333,131
