"Month","Day",1981,1982,1983,1984,1985,1986,1987,1988,1989,1990,1991,1992,1993,1994,1995,1996,1997,1998,1999,2000,2001,2002,2003,2004,2005,2006,2007,2008,2009,2010,2011,2012,2013,2014,2015,2016,2017,2018,2019,2020,2021,2022,2023
1,1,1487,1600,1412,1561,1763,1417,1511,1324,1522,1323,1726,1386,1486,1452,1394,1688,1508,1294,1555,1379,1443,1588,1500,1390,1394,1782,1506,1758,1826,1385,1630,1829,1588,1441,1481,1352,1870,1500,1491,1748,1747,1823,1502
1,2,1496,1608,1427,1546,1771,1402,1496,1323,1536,1317,1730,1384,1464,1441,1385,1682,1493,1294,1571,1372,1457,1578,1473,1393,1385,1773,1514,1750,1824,1378,1618,1831,1576,1446,1474,1351,1877,1507,1469,1733,1761,1819,1499
1,3,1498,1613,1446,1529,1774,1394,1488,1330,1549,1311,1730,1380,1442,1435,1376,1666,1481,1291,1584,1362,1465,1564,1449,1407,1381,1773,1513,1738,1818,1369,1602,1828,1565,1467,1458,1344,1887,1535,1445,1714,1780,1814,1507
1,4,1492,1612,1460,1525,1773,1388,1487,1341,1562,1311,1727,1376,1434,1434,1365,1647,1471,1289,1591,1352,1467,1547,1425,1420,1388,1773,1505,1726,1811,1356,1591,1823,1553,1485,1447,1339,1897,1535,1428,1693,1800,1807,1519
1,5,1483,1610,1467,1520,1769,1387,1492,1351,1578,1310,1718,1368,1438,1431,1355,1627,1465,1288,1602,1344,1465,1528,1403,1436,1403,1783,1492,1719,1803,1341,1582,1816,1533,1507,1429,1333,1905,1551,1414,1669,1814,1787,1529
1,6,1474,1607,1469,1513,1763,1388,1497,1356,1590,1312,1711,1359,1449,1428,1344,1605,1468,1288,1618,1340,1461,1505,1387,1455,1418,1793,1478,1718,1797,1326,1573,1816,1515,1520,1409,1330,1909,1561,1408,1641,1823,1775,1537
1,7,1471,1602,1471,1504,1751,1386,1503,1358,1607,1312,1709,1358,1466,1434,1333,1583,1469,1287,1634,1338,1454,1484,1365,1487,1422,1800,1464,1713,1789,1313,1564,1815,1486,1528,1381,1329,1909,1564,1412,1609,1823,1762,1547
1,8,1480,1597,1471,1490,1742,1380,1503,1356,1622,1314,1710,1360,1486,1442,1325,1562,1468,1285,1644,1335,1453,1463,1350,1548,1420,1807,1448,1705,1784,1300,1554,1811,1460,1538,1379,1324,1907,1559,1416,1570,1832,1747,1567
1,9,1495,1586,1471,1486,1722,1372,1502,1355,1627,1314,1708,1367,1501,1446,1316,1547,1473,1280,1664,1331,1450,1443,1337,1599,1414,1809,1430,1699,1782,1294,1544,1805,1436,1539,1367,1317,1909,1549,1414,1532,1856,1732,1584
1,10,1500,1578,1476,1479,1711,1364,1496,1352,1624,1314,1704,1375,1508,1447,1306,1532,1484,1274,1682,1326,1448,1424,1326,1622,1410,1807,1413,1696,1788,1295,1552,1807,1415,1533,1358,1311,1911,1540,1416,1499,1871,1718,1595
1,11,1497,1566,1484,1483,1689,1355,1486,1345,1618,1316,1698,1383,1508,1447,1303,1521,1495,1271,1692,1325,1447,1406,1318,1630,1411,1800,1399,1692,1793,1307,1567,1816,1394,1524,1352,1310,1910,1533,1420,1469,1883,1700,1601
1,12,1489,1550,1489,1470,1654,1349,1474,1337,1608,1317,1691,1391,1505,1454,1292,1508,1507,1269,1700,1329,1442,1389,1310,1634,1418,1795,1393,1683,1801,1318,1583,1826,1378,1519,1350,1308,1913,1522,1419,1442,1881,1684,1607
1,13,1482,1532,1494,1460,1630,1343,1461,1331,1599,1319,1679,1402,1508,1472,1286,1497,1514,1267,1712,1333,1433,1370,1305,1631,1428,1788,1392,1674,1809,1319,1597,1830,1361,1517,1359,1309,1924,1510,1413,1423,1874,1670,1616
1,14,1474,1518,1490,1450,1606,1340,1452,1329,1588,1320,1663,1411,1517,1484,1280,1494,1525,1266,1723,1339,1422,1354,1299,1624,1443,1778,1390,1667,1820,1315,1600,1829,1348,1516,1379,1305,1925,1503,1408,1413,1867,1649,1628
1,15,1467,1506,1481,1443,1587,1340,1438,1330,1586,1323,1641,1412,1535,1493,1275,1493,1541,1264,1732,1344,1409,1343,1297,1613,1453,1772,1390,1662,1843,1305,1601,1824,1338,1509,1402,1298,1917,1500,1403,1401,1862,1627,1638
1,16,1458,1497,1466,1438,1576,1340,1426,1331,1604,1328,1615,1408,1552,1503,1269,1487,1568,1264,1731,1349,1400,1336,1295,1598,1454,1765,1392,1661,1862,1292,1599,1817,1329,1490,1417,1296,1906,1497,1394,1407,1867,1602,1645
1,17,1446,1487,1445,1434,1557,1339,1415,1334,1635,1336,1584,1397,1561,1513,1268,1475,1596,1264,1725,1352,1395,1330,1293,1579,1449,1760,1393,1664,1869,1285,1595,1816,1321,1471,1422,1286,1891,1495,1390,1414,1879,1575,1653
1,18,1431,1475,1427,1442,1554,1336,1406,1335,1667,1353,1554,1386,1563,1520,1269,1460,1624,1266,1717,1351,1399,1326,1289,1557,1446,1758,1398,1663,1864,1278,1589,1806,1317,1458,1423,1277,1875,1515,1392,1414,1885,1554,1658
1,19,1414,1462,1400,1454,1544,1336,1402,1336,1691,1369,1526,1381,1556,1520,1274,1446,1639,1264,1713,1354,1399,1322,1282,1533,1441,1763,1409,1656,1856,1278,1585,1775,1316,1450,1438,1271,1856,1504,1406,1409,1883,1533,1657
1,20,1397,1450,1380,1471,1537,1341,1403,1336,1705,1383,1502,1376,1547,1510,1278,1431,1644,1261,1709,1358,1400,1320,1277,1509,1432,1768,1431,1644,1844,1285,1581,1755,1314,1454,1438,1269,1833,1538,1420,1409,1873,1513,1656
1,21,1383,1437,1361,1494,1526,1341,1405,1334,1716,1392,1485,1368,1542,1494,1282,1418,1644,1256,1706,1364,1405,1320,1272,1485,1420,1769,1457,1631,1829,1293,1573,1733,1314,1465,1456,1269,1808,1562,1431,1419,1863,1497,1654
1,22,1372,1422,1343,1518,1513,1337,1403,1336,1721,1396,1473,1354,1542,1479,1288,1407,1637,1254,1704,1369,1421,1324,1266,1463,1409,1771,1482,1615,1816,1303,1562,1715,1315,1469,1486,1269,1779,1582,1459,1428,1850,1493,1653
1,23,1356,1401,1328,1547,1498,1331,1396,1348,1720,1398,1469,1342,1548,1463,1300,1394,1631,1253,1707,1371,1441,1329,1261,1444,1395,1778,1499,1598,1803,1312,1548,1696,1315,1465,1529,1265,1751,1597,1474,1438,1840,1488,1655
1,24,1343,1382,1317,1575,1480,1330,1385,1364,1717,1409,1465,1326,1554,1455,1313,1387,1625,1249,1714,1370,1450,1336,1256,1427,1386,1787,1502,1576,1798,1316,1532,1685,1314,1459,1564,1255,1722,1608,1491,1445,1835,1488,1655
1,25,1331,1370,1306,1596,1470,1337,1372,1376,1710,1430,1455,1313,1550,1438,1340,1384,1621,1243,1732,1370,1454,1354,1252,1411,1383,1793,1494,1550,1783,1312,1515,1685,1313,1448,1592,1252,1686,1611,1504,1450,1831,1504,1653
1,26,1320,1364,1295,1603,1460,1350,1361,1385,1702,1449,1438,1301,1537,1430,1364,1384,1620,1237,1758,1369,1457,1382,1249,1396,1379,1796,1478,1525,1777,1309,1502,1697,1317,1439,1605,1246,1648,1612,1510,1447,1826,1518,1649
1,27,1311,1353,1287,1604,1450,1350,1351,1402,1694,1462,1432,1285,1521,1422,1371,1388,1622,1232,1774,1369,1462,1410,1243,1382,1373,1797,1461,1500,1766,1304,1498,1712,1320,1427,1611,1245,1626,1604,1520,1442,1818,1526,1641
1,28,1305,1344,1277,1608,1444,1354,1344,1419,1683,1472,1429,1280,1501,1421,1372,1393,1620,1229,1791,1368,1466,1427,1241,1367,1367,1812,1443,1477,1757,1299,1497,1727,1319,1416,1612,1245,1603,1596,1519,1445,1808,1528,1631
1,29,1302,1337,1269,1619,1429,1362,1341,1429,1667,1485,1419,1273,1482,1428,1373,1411,1613,1227,1802,1368,1472,1438,1240,1354,1361,1841,1427,1457,1755,1299,1492,1740,1320,1405,1607,1246,1594,1581,1513,1437,1797,1528,1619
1,30,1299,1339,1263,1633,1424,1370,1341,1437,1650,1503,1411,1265,1460,1437,1368,1423,1603,1226,1807,1370,1487,1445,1240,1341,1355,1869,1411,1440,1747,1297,1490,1747,1321,1395,1594,1246,1580,1558,1501,1423,1785,1528,1602
1,31,1299,1352,1256,1646,1416,1376,1347,1441,1631,1525,1396,1260,1441,1444,1360,1438,1589,1226,1806,1371,1494,1449,1240,1330,1354,1893,1395,1427,1749,1298,1506,1753,1324,1383,1583,1244,1569,1536,1490,1410,1771,1522,1585
2,1,1298,1371,1250,1651,1408,1376,1363,1443,1613,1543,1387,1257,1431,1444,1348,1444,1577,1224,1801,1370,1486,1454,1242,1318,1362,1918,1381,1415,1764,1299,1525,1760,1329,1375,1578,1242,1590,1514,1492,1396,1749,1512,1567
2,2,1296,1403,1246,1650,1401,1371,1383,1445,1599,1571,1369,1250,1429,1438,1337,1457,1560,1219,1793,1376,1471,1454,1245,1308,1379,1937,1367,1406,1783,1299,1530,1773,1331,1375,1576,1239,1605,1494,1474,1387,1736,1488,1551
2,3,1294,1425,1243,1649,1396,1368,1402,1448,1594,1593,1367,1249,1431,1429,1321,1474,1544,1214,1787,1405,1457,1452,1252,1296,1419,1955,1353,1397,1795,1295,1529,1787,1335,1383,1574,1239,1607,1477,1487,1381,1720,1476,1533
2,4,1292,1445,1240,1650,1391,1360,1411,1450,1590,1604,1354,1249,1437,1426,1314,1502,1524,1214,1785,1450,1445,1460,1266,1286,1454,1969,1340,1390,1803,1290,1521,1800,1347,1397,1575,1244,1615,1461,1510,1375,1707,1466,1518
2,5,1294,1461,1237,1652,1384,1352,1409,1456,1582,1617,1348,1251,1444,1446,1303,1538,1513,1209,1784,1483,1434,1466,1277,1278,1470,1976,1327,1381,1804,1285,1517,1808,1362,1402,1579,1247,1619,1441,1527,1372,1703,1459,1505
2,6,1302,1475,1233,1650,1376,1341,1394,1466,1572,1636,1338,1255,1448,1471,1295,1560,1515,1218,1775,1502,1435,1469,1280,1269,1483,1981,1314,1375,1803,1278,1509,1816,1372,1413,1580,1250,1625,1418,1542,1369,1707,1452,1494
2,7,1308,1491,1232,1649,1366,1332,1381,1485,1562,1656,1329,1259,1449,1510,1302,1575,1518,1239,1758,1510,1439,1473,1278,1267,1498,1983,1303,1374,1804,1271,1502,1826,1393,1415,1577,1253,1631,1401,1557,1365,1719,1446,1484
2,8,1313,1502,1233,1645,1356,1328,1368,1506,1560,1678,1320,1261,1463,1532,1309,1584,1525,1256,1738,1512,1446,1485,1275,1259,1512,1992,1292,1377,1812,1267,1500,1844,1422,1424,1570,1253,1637,1387,1564,1360,1714,1444,1476
2,9,1319,1509,1238,1641,1347,1326,1355,1519,1551,1692,1315,1265,1467,1542,1304,1594,1530,1260,1716,1506,1452,1494,1276,1256,1526,1998,1284,1395,1832,1267,1498,1855,1444,1425,1551,1252,1636,1373,1572,1352,1715,1443,1477
2,10,1332,1512,1250,1631,1341,1326,1344,1528,1545,1698,1310,1257,1469,1547,1293,1603,1541,1263,1697,1495,1463,1488,1284,1253,1547,1993,1276,1428,1840,1271,1498,1862,1473,1431,1537,1253,1626,1362,1572,1342,1723,1442,1486
2,11,1344,1514,1260,1618,1337,1326,1336,1538,1538,1696,1305,1258,1468,1545,1283,1611,1567,1276,1688,1477,1480,1472,1297,1250,1565,1993,1270,1469,1835,1273,1500,1865,1513,1443,1516,1254,1614,1353,1570,1330,1712,1446,1510
2,12,1353,1515,1267,1604,1336,1325,1329,1553,1531,1688,1303,1260,1465,1537,1273,1615,1595,1289,1703,1456,1498,1456,1308,1247,1583,1999,1265,1504,1820,1274,1510,1866,1558,1457,1489,1257,1607,1343,1570,1318,1698,1451,1529
2,13,1356,1518,1270,1594,1335,1334,1328,1570,1524,1675,1298,1255,1462,1527,1265,1630,1622,1327,1738,1431,1513,1439,1318,1246,1593,2004,1261,1529,1809,1271,1514,1862,1580,1461,1469,1260,1602,1336,1565,1307,1678,1455,1540
2,14,1354,1528,1270,1584,1336,1349,1331,1590,1521,1659,1296,1254,1453,1515,1260,1655,1646,1377,1762,1406,1521,1428,1326,1248,1595,2002,1260,1556,1806,1267,1513,1858,1587,1465,1454,1261,1578,1334,1558,1291,1649,1465,1550
2,15,1349,1533,1270,1575,1332,1364,1361,1605,1523,1643,1296,1254,1444,1501,1256,1680,1666,1404,1778,1386,1519,1416,1333,1251,1590,1993,1263,1590,1800,1262,1503,1849,1589,1468,1440,1265,1567,1328,1548,1283,1640,1479,1564
2,16,1349,1535,1269,1564,1325,1375,1436,1609,1529,1625,1296,1253,1430,1489,1251,1703,1678,1417,1787,1370,1505,1399,1336,1256,1577,1982,1267,1622,1793,1256,1492,1838,1591,1466,1439,1270,1552,1332,1535,1273,1622,1486,1581
2,17,1355,1531,1265,1555,1317,1380,1482,1605,1532,1606,1297,1254,1416,1465,1247,1722,1693,1428,1801,1357,1486,1388,1336,1256,1560,1966,1272,1642,1780,1251,1487,1825,1596,1459,1439,1273,1539,1335,1516,1271,1600,1482,1594
2,18,1364,1523,1261,1551,1307,1383,1507,1593,1535,1590,1304,1261,1406,1449,1243,1739,1714,1441,1816,1344,1467,1376,1332,1253,1546,1954,1277,1650,1761,1248,1486,1816,1611,1454,1445,1271,1517,1361,1496,1265,1577,1481,1609
2,19,1368,1512,1257,1557,1298,1388,1521,1577,1538,1575,1314,1268,1391,1432,1240,1751,1737,1449,1830,1333,1449,1365,1319,1249,1528,1936,1278,1652,1754,1241,1488,1805,1627,1447,1451,1269,1498,1388,1477,1263,1525,1481,1631
2,20,1375,1501,1253,1566,1292,1389,1527,1557,1541,1561,1322,1280,1385,1416,1244,1758,1755,1451,1842,1329,1434,1361,1314,1247,1513,1918,1274,1649,1745,1239,1490,1787,1646,1441,1458,1267,1484,1407,1459,1263,1541,1485,1662
2,21,1381,1492,1249,1576,1280,1382,1526,1535,1540,1543,1330,1288,1382,1402,1244,1759,1762,1447,1851,1335,1418,1357,1306,1246,1504,1899,1269,1643,1737,1239,1494,1773,1660,1438,1449,1264,1471,1416,1443,1265,1485,1488,1681
2,22,1393,1487,1245,1590,1286,1372,1519,1516,1532,1520,1337,1293,1380,1390,1244,1752,1765,1438,1856,1345,1405,1352,1299,1246,1498,1880,1263,1636,1733,1241,1496,1768,1670,1432,1442,1263,1462,1421,1424,1263,1464,1493,1684
2,23,1403,1482,1239,1605,1292,1363,1507,1500,1524,1498,1346,1293,1377,1386,1246,1744,1766,1423,1862,1350,1392,1346,1293,1253,1493,1857,1257,1629,1729,1245,1492,1758,1689,1429,1434,1266,1455,1422,1416,1262,1445,1497,1676
2,24,1416,1483,1235,1629,1292,1358,1490,1490,1519,1475,1351,1289,1370,1387,1249,1727,1772,1406,1879,1348,1384,1341,1290,1273,1484,1835,1251,1625,1725,1251,1500,1743,1715,1427,1422,1277,1452,1419,1410,1266,1440,1502,1670
2,25,1425,1486,1237,1651,1290,1363,1474,1480,1517,1454,1358,1286,1366,1391,1248,1712,1781,1388,1894,1349,1381,1337,1289,1292,1475,1808,1247,1635,1718,1261,1522,1726,1736,1429,1409,1294,1454,1410,1402,1268,1460,1515,1664
2,26,1437,1489,1241,1665,1277,1377,1455,1471,1533,1438,1381,1285,1363,1395,1249,1697,1789,1371,1901,1359,1388,1330,1294,1308,1477,1778,1242,1640,1710,1273,1553,1715,1740,1445,1403,1309,1465,1398,1391,1273,1474,1528,1659
2,27,1459,1485,1243,1675,1268,1394,1440,1462,1565,1421,1390,1303,1360,1400,1258,1682,1795,1354,1904,1369,1398,1326,1299,1323,1490,1754,1240,1637,1696,1285,1575,1706,1737,1459,1410,1316,1479,1384,1382,1277,1494,1544,1649
2,28,1478,1482,1248,1676,1262,1415,1430,1449,1591,1409,1413,1319,1361,1406,1270,1672,1799,1341,1904,1372,1401,1323,1300,1347,1507,1728,1239,1631,1677,1294,1585,1700,1741,1468,1422,1323,1500,1381,1373,1285,1511,1566,1645
3,1,1493,1476,1255,1673,1261,1440,1420,1423,1609,1393,1433,1362,1368,1412,1279,1658,1799,1328,1904,1379,1399,1323,1302,1393,1513,1707,1238,1618,1656,1307,1591,1696,1754,1480,1440,1338,1519,1373,1355,1318,1526,1598,1654
3,2,1504,1476,1258,1666,1264,1463,1414,1410,1621,1382,1448,1384,1378,1418,1280,1650,1794,1317,1900,1387,1396,1324,1303,1400,1513,1690,1238,1613,1634,1316,1594,1696,1766,1493,1473,1350,1533,1369,1356,1330,1537,1622,1664
3,3,1522,1473,1263,1654,1268,1483,1413,1393,1637,1370,1454,1406,1386,1421,1283,1643,1780,1308,1893,1406,1399,1331,1309,1403,1513,1668,1240,1605,1619,1320,1598,1699,1770,1521,1503,1360,1533,1370,1340,1340,1539,1644,1664
3,4,1550,1474,1269,1638,1268,1496,1410,1376,1649,1360,1452,1425,1398,1420,1293,1645,1760,1300,1881,1440,1413,1346,1321,1411,1523,1644,1243,1593,1605,1327,1604,1705,1770,1531,1539,1365,1537,1374,1336,1350,1541,1666,1661
3,5,1569,1467,1275,1622,1268,1506,1392,1361,1664,1361,1442,1436,1412,1414,1312,1654,1734,1295,1869,1473,1429,1369,1345,1425,1535,1616,1245,1584,1592,1342,1628,1714,1768,1535,1546,1362,1542,1376,1328,1358,1528,1692,1655
3,6,1587,1461,1277,1604,1272,1514,1378,1350,1676,1366,1430,1440,1425,1406,1344,1662,1702,1292,1853,1489,1474,1397,1369,1472,1553,1583,1251,1572,1587,1363,1645,1717,1765,1537,1545,1359,1581,1369,1321,1366,1516,1718,1649
3,7,1609,1454,1274,1585,1275,1523,1366,1339,1683,1372,1419,1442,1451,1397,1377,1667,1668,1292,1835,1490,1506,1413,1385,1484,1571,1553,1260,1556,1591,1382,1647,1714,1762,1539,1536,1361,1607,1364,1310,1376,1509,1740,1644
3,8,1632,1449,1269,1565,1282,1528,1354,1328,1685,1381,1415,1449,1480,1394,1402,1670,1631,1292,1814,1484,1513,1414,1392,1503,1591,1530,1269,1538,1594,1391,1640,1710,1759,1541,1532,1366,1617,1362,1307,1383,1500,1757,1641
3,9,1645,1440,1262,1546,1284,1525,1344,1320,1682,1390,1414,1462,1503,1374,1429,1674,1598,1294,1791,1470,1510,1408,1388,1500,1608,1517,1283,1522,1593,1392,1631,1708,1751,1546,1540,1367,1627,1362,1303,1382,1505,1768,1645
3,10,1658,1429,1255,1525,1293,1517,1333,1320,1676,1402,1419,1475,1522,1367,1439,1677,1571,1296,1765,1455,1503,1402,1383,1484,1618,1514,1293,1509,1592,1391,1629,1710,1741,1547,1549,1363,1648,1359,1299,1381,1529,1781,1650
3,11,1667,1419,1249,1508,1305,1512,1321,1317,1670,1414,1428,1493,1537,1359,1448,1684,1556,1296,1735,1455,1495,1399,1375,1467,1627,1523,1305,1511,1593,1397,1637,1715,1728,1547,1543,1356,1666,1354,1296,1378,1561,1793,1654
3,12,1669,1411,1248,1486,1311,1509,1317,1313,1653,1425,1441,1524,1548,1355,1454,1695,1551,1294,1702,1450,1489,1400,1366,1457,1646,1539,1317,1525,1598,1407,1654,1732,1711,1550,1547,1349,1690,1346,1304,1374,1591,1796,1662
3,13,1659,1400,1246,1464,1307,1505,1309,1307,1633,1442,1462,1542,1553,1352,1478,1701,1559,1290,1676,1456,1480,1398,1359,1454,1663,1551,1327,1538,1606,1411,1660,1742,1693,1556,1551,1346,1703,1340,1318,1369,1626,1792,1687
3,14,1644,1388,1246,1449,1304,1507,1298,1305,1615,1469,1497,1560,1558,1355,1508,1699,1574,1287,1659,1461,1468,1392,1352,1454,1673,1554,1335,1555,1621,1413,1659,1743,1671,1562,1563,1341,1726,1337,1329,1365,1659,1784,1706
3,15,1628,1383,1249,1434,1302,1511,1288,1308,1593,1477,1515,1577,1571,1364,1524,1693,1593,1283,1647,1462,1453,1389,1345,1455,1674,1546,1340,1610,1642,1411,1650,1739,1651,1567,1580,1343,1755,1325,1333,1366,1668,1778,1715
3,16,1615,1382,1252,1424,1294,1517,1292,1316,1573,1484,1533,1590,1605,1374,1530,1685,1604,1283,1644,1458,1437,1396,1336,1455,1676,1544,1346,1669,1652,1410,1634,1734,1625,1568,1595,1354,1765,1314,1334,1363,1672,1776,1716
3,17,1588,1383,1254,1413,1286,1520,1315,1320,1550,1498,1538,1596,1636,1395,1526,1666,1611,1287,1648,1450,1421,1410,1328,1459,1680,1541,1346,1686,1652,1408,1616,1735,1611,1569,1620,1372,1773,1306,1340,1357,1681,1777,1713
3,18,1562,1390,1254,1405,1282,1516,1346,1318,1535,1516,1538,1592,1661,1404,1518,1651,1613,1292,1653,1441,1405,1424,1323,1467,1679,1542,1350,1691,1649,1409,1593,1744,1613,1571,1644,1394,1777,1297,1349,1358,1678,1778,1709
3,19,1533,1405,1257,1402,1282,1510,1365,1311,1525,1536,1530,1582,1671,1405,1499,1627,1615,1294,1656,1428,1396,1442,1318,1469,1677,1539,1367,1695,1653,1409,1573,1752,1612,1573,1663,1418,1775,1290,1351,1367,1688,1779,1704
3,20,1504,1419,1260,1398,1280,1501,1381,1307,1521,1549,1514,1565,1677,1401,1485,1600,1617,1295,1648,1412,1394,1460,1313,1460,1673,1532,1394,1696,1670,1417,1553,1756,1604,1575,1683,1429,1765,1282,1346,1387,1688,1778,1698
3,21,1475,1449,1264,1398,1279,1497,1405,1305,1520,1558,1490,1547,1679,1394,1468,1573,1615,1294,1629,1398,1395,1479,1309,1443,1667,1530,1418,1698,1692,1435,1544,1764,1592,1571,1687,1434,1760,1275,1342,1398,1685,1780,1687
3,22,1451,1469,1265,1396,1275,1474,1419,1303,1523,1568,1468,1532,1682,1385,1453,1548,1608,1297,1604,1387,1401,1498,1301,1427,1663,1534,1428,1692,1710,1445,1542,1772,1581,1567,1682,1434,1745,1272,1341,1402,1681,1785,1670
3,23,1452,1479,1267,1396,1272,1456,1428,1302,1532,1575,1450,1518,1684,1375,1448,1524,1599,1302,1587,1381,1413,1516,1297,1414,1655,1549,1427,1684,1728,1449,1546,1772,1578,1564,1672,1435,1729,1267,1341,1401,1681,1791,1648
3,24,1463,1494,1272,1405,1265,1442,1435,1297,1540,1581,1438,1502,1683,1364,1450,1500,1586,1302,1579,1377,1430,1536,1294,1405,1645,1576,1423,1678,1729,1447,1550,1766,1600,1565,1658,1435,1722,1263,1342,1399,1691,1797,1623
3,25,1460,1508,1283,1413,1262,1437,1436,1291,1545,1584,1430,1478,1681,1354,1452,1485,1571,1302,1577,1376,1448,1554,1298,1401,1631,1606,1419,1670,1731,1442,1554,1759,1625,1575,1645,1435,1727,1259,1342,1394,1684,1806,1600
3,26,1446,1520,1294,1419,1263,1436,1432,1285,1552,1586,1419,1468,1687,1344,1452,1476,1555,1301,1573,1384,1466,1569,1307,1403,1615,1629,1417,1658,1739,1435,1555,1759,1644,1585,1634,1435,1730,1258,1343,1388,1673,1822,1581
3,27,1431,1518,1299,1426,1266,1441,1422,1279,1559,1589,1417,1451,1698,1337,1451,1469,1535,1302,1567,1401,1483,1579,1316,1410,1598,1646,1426,1643,1749,1422,1562,1767,1656,1595,1616,1434,1734,1262,1344,1379,1672,1837,1568
3,28,1417,1509,1308,1430,1268,1451,1411,1273,1565,1590,1413,1433,1709,1350,1448,1463,1513,1312,1568,1426,1499,1582,1322,1429,1583,1673,1449,1628,1758,1405,1575,1779,1664,1606,1600,1430,1748,1287,1347,1368,1681,1858,1558
3,29,1412,1497,1313,1433,1269,1465,1402,1267,1571,1594,1404,1416,1717,1369,1442,1468,1484,1322,1579,1454,1509,1578,1330,1453,1570,1695,1484,1610,1768,1392,1586,1785,1670,1613,1582,1430,1753,1320,1348,1358,1714,1902,1555
3,30,1405,1485,1314,1435,1272,1473,1392,1261,1576,1600,1386,1400,1721,1396,1436,1477,1464,1324,1592,1471,1513,1567,1345,1473,1547,1705,1503,1598,1777,1382,1589,1789,1672,1615,1572,1430,1746,1337,1349,1358,1741,1932,1556
3,31,1402,1480,1317,1431,1277,1477,1382,1257,1580,1612,1374,1386,1720,1443,1423,1488,1443,1322,1604,1482,1514,1549,1362,1483,1529,1703,1510,1590,1781,1375,1590,1795,1671,1616,1582,1422,1742,1351,1350,1392,1763,1940,1566
4,1,1401,1482,1331,1425,1283,1475,1373,1255,1583,1637,1367,1377,1716,1475,1412,1494,1426,1333,1614,1488,1517,1530,1380,1486,1511,1694,1517,1577,1771,1375,1580,1804,1666,1616,1599,1414,1730,1367,1355,1425,1779,1941,1590
4,2,1403,1490,1340,1421,1318,1471,1362,1261,1585,1651,1364,1375,1704,1510,1398,1493,1413,1347,1627,1492,1516,1514,1401,1483,1493,1683,1528,1560,1789,1385,1572,1814,1655,1610,1607,1421,1726,1381,1360,1455,1793,1939,1627
4,3,1404,1502,1347,1426,1354,1463,1355,1268,1589,1652,1361,1373,1692,1534,1386,1489,1400,1359,1654,1490,1509,1506,1412,1479,1477,1670,1565,1542,1787,1391,1564,1820,1641,1597,1610,1444,1708,1385,1368,1482,1804,1933,1651
4,4,1404,1515,1346,1433,1387,1452,1356,1276,1597,1647,1357,1369,1674,1573,1377,1494,1387,1371,1683,1492,1500,1507,1420,1478,1467,1653,1616,1523,1770,1391,1559,1828,1627,1577,1610,1469,1691,1389,1375,1513,1810,1924,1662
4,5,1405,1530,1348,1439,1404,1443,1369,1282,1606,1638,1350,1373,1660,1607,1372,1499,1379,1399,1703,1496,1499,1526,1425,1477,1462,1635,1663,1511,1752,1395,1555,1832,1614,1565,1614,1493,1660,1403,1374,1541,1820,1917,1661
4,6,1408,1554,1349,1444,1407,1438,1401,1289,1614,1630,1344,1386,1648,1643,1366,1509,1373,1439,1733,1505,1502,1556,1424,1475,1463,1617,1680,1505,1735,1404,1541,1835,1597,1555,1614,1509,1633,1419,1373,1566,1840,1909,1655
4,7,1412,1590,1383,1440,1405,1433,1420,1296,1622,1617,1341,1390,1638,1658,1360,1515,1375,1471,1754,1525,1515,1583,1419,1468,1472,1609,1693,1503,1723,1442,1529,1852,1583,1552,1607,1532,1605,1450,1369,1579,1876,1896,1647
4,8,1423,1627,1394,1430,1400,1426,1432,1307,1632,1611,1340,1391,1628,1667,1357,1519,1384,1492,1781,1582,1532,1609,1409,1460,1496,1595,1713,1507,1723,1486,1523,1871,1563,1554,1592,1563,1577,1480,1366,1588,1873,1888,1635
4,9,1449,1656,1406,1422,1391,1433,1435,1321,1641,1606,1347,1394,1619,1669,1354,1519,1393,1509,1807,1636,1552,1641,1398,1449,1535,1574,1723,1511,1721,1523,1523,1882,1540,1560,1572,1586,1557,1510,1368,1596,1890,1884,1630
4,10,1469,1680,1425,1413,1383,1456,1436,1339,1652,1603,1384,1397,1606,1664,1352,1520,1413,1526,1830,1662,1570,1689,1385,1439,1576,1550,1728,1508,1719,1553,1528,1889,1517,1568,1545,1610,1541,1531,1390,1614,1893,1875,1623
4,11,1499,1695,1452,1410,1379,1488,1437,1364,1656,1606,1431,1410,1604,1656,1354,1523,1441,1538,1846,1677,1581,1718,1375,1431,1610,1530,1733,1519,1715,1587,1541,1895,1491,1573,1525,1625,1533,1554,1416,1634,1898,1866,1619
4,12,1521,1707,1482,1410,1374,1509,1440,1390,1656,1617,1464,1429,1602,1641,1354,1527,1483,1548,1860,1721,1588,1727,1366,1425,1638,1509,1739,1540,1712,1616,1565,1899,1470,1572,1510,1637,1532,1573,1414,1639,1904,1865,1611
4,13,1542,1715,1500,1410,1363,1521,1451,1418,1651,1631,1505,1446,1602,1615,1354,1532,1528,1553,1877,1759,1595,1727,1365,1424,1665,1494,1746,1550,1707,1645,1593,1904,1449,1568,1502,1646,1515,1586,1418,1656,1905,1866,1601
4,14,1561,1719,1513,1415,1350,1529,1473,1439,1643,1650,1531,1454,1612,1595,1354,1533,1559,1555,1888,1770,1607,1735,1376,1432,1700,1480,1752,1547,1705,1686,1623,1910,1430,1555,1499,1660,1531,1592,1427,1658,1905,1864,1589
4,15,1614,1718,1532,1419,1334,1532,1494,1454,1630,1673,1547,1459,1627,1578,1364,1526,1577,1562,1901,1785,1630,1737,1427,1448,1734,1475,1759,1538,1708,1726,1650,1915,1421,1537,1498,1681,1528,1610,1451,1659,1907,1878,1586
4,16,1654,1715,1548,1426,1324,1532,1511,1462,1620,1683,1552,1465,1642,1568,1376,1512,1588,1570,1913,1791,1644,1734,1481,1467,1760,1472,1767,1536,1712,1774,1679,1919,1412,1518,1504,1698,1534,1612,1472,1654,1909,1879,1585
4,17,1673,1708,1563,1433,1310,1535,1522,1467,1602,1686,1558,1467,1663,1570,1390,1494,1592,1573,1922,1796,1647,1722,1521,1476,1783,1473,1768,1538,1719,1810,1703,1923,1426,1512,1527,1705,1549,1614,1482,1645,1918,1882,1602
4,18,1683,1696,1574,1436,1299,1544,1532,1468,1584,1687,1566,1467,1677,1592,1414,1482,1591,1577,1926,1800,1652,1714,1557,1480,1826,1482,1767,1541,1713,1834,1725,1929,1468,1510,1554,1710,1568,1613,1502,1641,1924,1882,1617
4,19,1697,1681,1584,1438,1288,1552,1536,1471,1580,1684,1569,1469,1691,1609,1437,1474,1588,1584,1927,1803,1670,1705,1582,1484,1875,1500,1763,1544,1727,1853,1745,1935,1508,1511,1581,1715,1606,1618,1535,1635,1934,1883,1629
4,20,1709,1673,1600,1438,1280,1551,1542,1475,1562,1680,1567,1478,1703,1617,1459,1467,1589,1598,1927,1808,1681,1699,1604,1490,1909,1521,1766,1550,1743,1865,1764,1940,1549,1518,1614,1718,1633,1629,1563,1627,1931,1886,1640
4,21,1727,1668,1628,1436,1272,1538,1552,1475,1569,1687,1567,1494,1716,1619,1476,1464,1596,1625,1931,1815,1680,1697,1623,1503,1930,1536,1776,1557,1753,1878,1781,1943,1586,1543,1642,1718,1658,1643,1588,1614,1931,1887,1656
4,22,1738,1667,1660,1432,1267,1521,1562,1470,1583,1699,1572,1503,1733,1623,1495,1460,1618,1653,1937,1827,1670,1698,1641,1527,1954,1546,1791,1563,1763,1888,1791,1943,1622,1561,1677,1715,1680,1664,1608,1603,1931,1885,1697
4,23,1747,1676,1710,1429,1265,1508,1570,1464,1590,1716,1585,1506,1746,1624,1516,1464,1637,1677,1940,1840,1666,1699,1656,1568,1969,1556,1797,1571,1768,1895,1795,1942,1673,1585,1710,1708,1696,1688,1632,1592,1931,1877,1739
4,24,1752,1681,1740,1423,1263,1485,1589,1462,1590,1734,1610,1506,1757,1621,1531,1470,1654,1694,1940,1853,1643,1704,1668,1624,1977,1569,1799,1583,1772,1896,1797,1940,1720,1611,1734,1704,1708,1714,1639,1587,1929,1869,1771
4,25,1758,1689,1764,1420,1264,1467,1626,1470,1585,1743,1644,1511,1770,1622,1537,1479,1670,1706,1939,1857,1628,1709,1681,1684,1981,1585,1799,1594,1778,1896,1796,1944,1759,1634,1749,1702,1713,1736,1650,1603,1926,1861,1794
4,26,1765,1693,1776,1434,1269,1457,1662,1476,1588,1761,1669,1523,1783,1643,1545,1508,1685,1716,1940,1860,1613,1716,1694,1715,1983,1599,1797,1606,1774,1906,1799,1946,1792,1649,1763,1705,1721,1757,1674,1611,1922,1855,1810
4,27,1773,1694,1780,1465,1281,1452,1691,1488,1592,1784,1686,1550,1796,1664,1572,1540,1697,1726,1937,1860,1596,1728,1704,1730,1986,1607,1797,1616,1772,1924,1803,1948,1809,1662,1772,1707,1714,1774,1707,1619,1919,1850,1815
4,28,1788,1712,1792,1512,1299,1450,1719,1492,1598,1805,1698,1570,1811,1686,1611,1561,1703,1734,1939,1860,1578,1746,1714,1737,1984,1610,1797,1623,1765,1943,1806,1953,1812,1676,1779,1709,1713,1786,1736,1628,1921,1846,1814
4,29,1802,1722,1796,1556,1317,1456,1741,1495,1602,1819,1711,1585,1826,1717,1648,1580,1705,1752,1944,1860,1561,1773,1741,1739,1982,1613,1805,1624,1755,1954,1806,1967,1812,1689,1783,1711,1712,1798,1742,1636,1931,1841,1815
4,30,1813,1727,1797,1592,1339,1459,1765,1499,1596,1833,1730,1602,1839,1736,1675,1598,1703,1781,1947,1858,1553,1792,1783,1743,1976,1612,1814,1622,1745,1959,1803,1976,1812,1706,1783,1711,1711,1809,1758,1640,1937,1839,1818
5,1,1821,1739,1804,1617,1359,1447,1783,1502,1589,1840,1756,1613,1841,1755,1687,1613,1701,1818,1948,1856,1559,1804,1814,1750,1970,1615,1824,1624,1722,1958,1797,1979,1810,1732,1779,1711,1712,1820,1759,1642,1941,1838,1821
5,2,1826,1781,1809,1629,1371,1444,1789,1505,1588,1841,1775,1617,1865,1770,1700,1625,1706,1840,1953,1856,1590,1812,1831,1768,1966,1622,1830,1628,1717,1960,1790,1981,1811,1756,1772,1717,1718,1828,1762,1643,1943,1837,1825
5,3,1830,1811,1817,1636,1377,1444,1790,1514,1598,1841,1784,1616,1876,1782,1711,1635,1708,1857,1962,1854,1630,1820,1845,1789,1960,1630,1837,1629,1712,1970,1786,1989,1817,1768,1765,1730,1726,1842,1778,1644,1944,1836,1826
5,4,1830,1846,1832,1637,1380,1451,1790,1524,1609,1840,1785,1616,1888,1791,1725,1646,1703,1870,1968,1851,1650,1830,1869,1815,1954,1648,1858,1622,1707,1976,1790,2004,1825,1777,1742,1751,1725,1865,1792,1658,1947,1832,1825
5,5,1830,1872,1847,1634,1383,1476,1789,1534,1616,1838,1778,1614,1895,1797,1732,1662,1697,1882,1970,1849,1668,1840,1892,1837,1951,1679,1897,1615,1705,1983,1795,2016,1830,1790,1718,1761,1744,1876,1802,1689,1952,1827,1823
5,6,1832,1893,1868,1628,1395,1519,1788,1552,1616,1831,1772,1606,1894,1802,1734,1677,1693,1890,1968,1856,1687,1846,1913,1847,1948,1714,1919,1612,1697,1990,1803,2025,1837,1799,1696,1777,1758,1879,1811,1710,1960,1822,1817
5,7,1831,1904,1883,1622,1426,1556,1790,1572,1616,1827,1763,1600,1898,1821,1731,1698,1692,1901,1958,1862,1705,1857,1932,1872,1946,1749,1927,1618,1695,1997,1815,2026,1849,1803,1684,1792,1775,1883,1814,1723,1968,1825,1807
5,8,1829,1911,1894,1611,1450,1562,1792,1582,1627,1822,1762,1591,1896,1869,1723,1722,1701,1922,1955,1861,1721,1870,1951,1906,1941,1783,1928,1634,1692,2002,1833,2025,1860,1803,1673,1802,1814,1892,1813,1736,1978,1840,1796
5,9,1825,1915,1900,1601,1489,1573,1793,1582,1643,1815,1768,1582,1892,1906,1713,1757,1722,1934,1953,1849,1737,1880,1972,1921,1934,1809,1926,1654,1687,2008,1858,2027,1872,1818,1658,1811,1845,1910,1811,1757,1987,1862,1784
5,10,1821,1922,1903,1591,1529,1587,1794,1578,1658,1812,1788,1575,1888,1926,1702,1787,1754,1939,1951,1846,1762,1886,1990,1927,1926,1841,1926,1671,1676,2011,1896,2038,1881,1831,1642,1823,1874,1929,1820,1788,1991,1875,1783
5,11,1820,1930,1907,1577,1554,1604,1794,1577,1671,1814,1812,1572,1888,1936,1692,1804,1783,1947,1947,1839,1785,1888,2005,1942,1918,1869,1928,1681,1673,2014,1921,2050,1889,1832,1624,1837,1904,1939,1859,1819,1995,1883,1793
5,12,1820,1939,1913,1566,1572,1622,1794,1575,1686,1823,1825,1570,1888,1945,1695,1827,1851,1954,1940,1836,1798,1888,2013,1962,1915,1893,1932,1687,1669,2014,1941,2065,1899,1827,1610,1853,1927,1943,1881,1847,1997,1894,1803
5,13,1820,1944,1920,1557,1589,1651,1793,1588,1706,1829,1838,1567,1888,1955,1702,1851,1888,1961,1933,1839,1805,1899,2026,1973,1916,1906,1942,1691,1665,2013,1954,2075,1909,1819,1609,1870,1942,1946,1897,1877,1998,1905,1809
5,14,1818,1947,1928,1542,1590,1669,1796,1597,1734,1836,1849,1565,1886,1965,1706,1872,1916,1962,1928,1853,1810,1909,2041,1977,1918,1919,1944,1693,1661,2014,1969,2086,1910,1815,1624,1883,1953,1962,1908,1899,2003,1918,1818
5,15,1811,1956,1938,1556,1598,1678,1800,1605,1770,1844,1853,1560,1884,1969,1702,1903,1931,1964,1926,1868,1817,1915,2056,1983,1929,1931,1946,1697,1660,2013,1975,2094,1909,1812,1643,1894,1965,1968,1918,1920,2015,1928,1834
5,16,1803,1967,1944,1562,1604,1679,1807,1609,1807,1858,1858,1566,1881,1974,1696,1936,1939,1968,1923,1881,1831,1922,2072,1989,1946,1938,1952,1699,1656,2013,1980,2096,1908,1813,1656,1904,1982,1972,1936,1942,2024,1940,1854
5,17,1804,1975,1950,1579,1610,1688,1821,1609,1830,1868,1863,1590,1891,1979,1688,1954,1943,1977,1919,1902,1844,1931,2085,1995,1967,1945,1959,1702,1643,2013,1984,2098,1908,1815,1663,1914,1996,1975,1948,1957,2034,1951,1877
5,18,1797,1979,1954,1595,1621,1688,1834,1610,1848,1879,1874,1639,1912,1988,1682,1959,1945,1980,1911,1926,1852,1941,2096,2008,1986,1954,1962,1718,1630,2010,1986,2100,1917,1818,1674,1927,1999,1977,1965,1964,2045,1960,1890
5,19,1798,1981,1956,1617,1649,1685,1841,1618,1863,1888,1888,1683,1928,2004,1685,1957,1944,1981,1903,1954,1857,1952,2118,2018,2006,1969,1964,1751,1618,2007,1994,2104,1922,1822,1688,1942,1999,1982,1985,1968,2057,2004,1895
5,20,1799,1987,1958,1633,1674,1680,1845,1634,1879,1894,1907,1709,1936,2015,1693,1954,1941,1975,1897,1976,1865,1964,2155,2026,2017,1984,1968,1783,1607,2005,2001,2105,1922,1823,1709,1956,1997,1987,2006,1973,2064,2037,1896
5,21,1800,1999,1955,1650,1689,1675,1846,1648,1893,1902,1926,1722,1945,2019,1702,1954,1940,1969,1893,1990,1880,1979,2176,2038,2020,1980,1971,1801,1607,2006,2007,2103,1923,1825,1728,1968,1993,1997,2025,1979,2076,2049,1902
5,22,1804,2006,1956,1673,1696,1676,1847,1660,1905,1922,1951,1737,1952,2019,1714,1954,1943,1961,1895,1999,1891,1996,2180,2050,2020,1979,1975,1814,1617,2010,2011,2101,1929,1826,1740,1978,1992,2005,2038,1986,2088,2063,1904
5,23,1803,2010,1955,1713,1697,1694,1847,1674,1916,1963,1968,1756,1962,2016,1738,1953,1948,1958,1903,2008,1900,2011,2177,2057,2017,1977,1977,1826,1624,2017,2011,2102,1936,1825,1758,1985,1988,2015,2045,1985,2088,2072,1904
5,24,1811,2009,1948,1750,1702,1709,1846,1694,1930,2008,1974,1769,1970,2009,1763,1952,1977,1966,1906,2015,1905,2025,2178,2060,2015,1973,1976,1839,1624,2023,2013,2099,1944,1823,1779,1993,1984,2023,2049,1993,2088,2076,1904
5,25,1821,2007,1936,1772,1705,1722,1856,1711,1949,2033,1978,1776,1974,2005,1785,1955,2012,1978,1906,2019,1918,2037,2177,2063,2011,1974,1979,1853,1619,2028,2019,2097,1961,1818,1806,2001,1981,2028,2051,1996,2094,2077,1904
5,26,1854,2005,1926,1790,1709,1742,1884,1728,1955,2076,1982,1780,1976,2002,1805,1956,2036,1982,1909,2019,1931,2044,2176,2063,2005,1979,1990,1866,1615,2028,2021,2091,1973,1809,1833,2014,1977,2037,2064,2001,2088,2076,1903
5,27,1885,2008,1913,1804,1720,1759,1899,1745,1980,2089,1982,1782,1989,2005,1844,1956,2051,1978,1920,2020,1936,2053,2174,2061,1998,1986,1998,1877,1616,2028,2019,2085,1981,1803,1856,2024,1974,2043,2069,2004,2082,2074,1904
5,28,1901,2015,1898,1825,1741,1782,1901,1772,1996,2098,1980,1790,1998,2010,1869,1958,2060,1977,1930,2021,1932,2064,2170,2063,1990,1998,2000,1886,1622,2041,2015,2078,1985,1802,1874,2031,1972,2046,2074,2011,2085,2075,1906
5,29,1911,2019,1893,1860,1762,1799,1902,1812,2008,2107,1980,1798,1999,2014,1892,1963,2063,1984,1934,2027,1926,2070,2171,2072,1982,2013,2000,1899,1628,2055,2009,2071,1987,1805,1889,2031,1974,2054,2075,2018,2096,2076,1912
5,30,1934,2027,1893,1877,1774,1808,1906,1836,2017,2113,1977,1805,1998,2014,1910,1965,2067,1991,1940,2022,1923,2077,2170,2079,1975,2029,1995,1910,1631,2063,2008,2066,1989,1808,1899,2032,1975,2076,2078,2024,2118,2083,1920
5,31,1949,2037,1888,1882,1792,1813,1913,1850,2023,2116,1975,1811,1994,2014,1925,1966,2072,2007,1947,2031,1918,2082,2167,2082,1969,2042,1994,1921,1633,2064,2009,2059,2000,1809,1906,2040,1972,2078,2084,2027,2155,2090,1927
6,1,1965,2048,1880,1888,1804,1815,1919,1857,2027,2118,1971,1797,1992,2014,1938,1965,2077,2018,1960,2046,1915,2085,2167,2084,1963,2046,1994,1928,1632,2064,2016,2052,2008,1810,1918,2046,1965,2080,2088,2031,2154,2098,1933
6,2,1966,2055,1870,1901,1820,1818,1923,1869,2036,2123,1972,1793,1989,2012,1947,1964,2086,2025,1968,2060,1928,2086,2163,2086,1961,2052,2008,1933,1627,2064,2028,2046,2015,1809,1924,2049,1966,2086,2093,2033,2158,2104,1936
6,3,1965,2061,1862,1913,1863,1824,1928,1891,2047,2128,1972,1792,1984,2009,1958,1963,2088,2036,1973,2066,1921,2088,2159,2087,1965,2063,2015,1936,1624,2071,2040,2038,2021,1813,1928,2051,1964,2097,2098,2038,2175,2121,1940
6,4,1962,2068,1879,1924,1898,1828,1932,1910,2053,2133,1969,1775,1979,2004,1966,1963,2087,2044,1987,2068,1914,2090,2157,2095,1973,2078,2020,1937,1622,2077,2046,2028,2027,1817,1929,2053,1962,2109,2101,2038,2187,2139,1942
6,5,1957,2077,1887,1931,1915,1828,1936,1927,2059,2135,1961,1763,1974,2000,1972,1971,2088,2054,2003,2077,1906,2096,2160,2103,1976,2085,2020,1941,1622,2082,2052,2019,2031,1824,1927,2055,1954,2115,2108,2033,2193,2144,1946
6,6,1951,2085,1889,1937,1926,1826,1940,1942,2064,2134,1952,1747,1968,1998,1977,1978,2089,2065,2019,2086,1899,2099,2160,2114,1980,2088,2026,1945,1625,2092,2056,2015,2035,1829,1925,2053,1932,2117,2114,2031,2197,2145,1953
6,7,1943,2089,1888,1943,1934,1826,1943,1952,2068,2134,1945,1734,1964,2003,1983,1984,2087,2085,2027,2095,1893,2100,2161,2124,1983,2088,2039,1970,1652,2096,2059,2013,2042,1832,1924,2050,1919,2121,2116,2030,2201,2142,1957
6,8,1931,2090,1889,1948,1962,1837,1944,1958,2079,2136,1942,1727,1962,2018,1991,1997,2094,2098,2032,2102,1893,2097,2172,2128,1988,2092,2045,1993,1696,2098,2060,2011,2049,1839,1927,2048,1914,2129,2121,2031,2203,2141,1963
6,9,1926,2090,1893,1962,1984,1847,1949,1963,2087,2137,1946,1724,1961,2027,1998,2016,2099,2109,2033,2104,1893,2090,2175,2130,1993,2101,2048,2024,1730,2098,2060,2009,2055,1847,1936,2044,1917,2137,2123,2030,2207,2141,1976
6,10,1926,2087,1897,1959,1999,1857,1953,1967,2092,2135,1952,1733,1964,2033,2004,2030,2099,2120,2036,2104,1891,2083,2173,2129,2000,2107,2048,2041,1751,2103,2060,2010,2067,1856,1942,2039,1926,2142,2122,2025,2207,2138,1984
6,11,1931,2095,1896,1963,2002,1867,1959,1974,2096,2136,1961,1747,1964,2039,2002,2035,2096,2126,2043,2103,1890,2076,2166,2127,2008,2112,2048,2055,1767,2110,2059,2010,2079,1867,1943,2031,1935,2143,2123,2020,2207,2133,1991
6,12,1938,2100,1893,1969,2001,1877,1963,1979,2105,2134,1964,1759,1966,2040,1997,2035,2092,2129,2048,2101,1892,2072,2160,2124,2012,2125,2048,2068,1783,2115,2056,2010,2090,1885,1941,2037,1942,2154,2129,2020,2207,2129,1997
6,13,1945,2105,1888,1977,1998,1883,1967,1986,2114,2133,1968,1764,1972,2038,1992,2035,2087,2134,2052,2098,1893,2075,2166,2120,2012,2131,2047,2075,1800,2119,2053,2011,2096,1905,1939,2043,1951,2164,2139,2020,2208,2133,2005
6,14,1952,2111,1879,1991,1998,1892,1974,1993,2124,2131,1976,1764,1979,2041,1988,2039,2080,2138,2056,2096,1896,2074,2172,2117,2011,2135,2048,2076,1818,2124,2049,2014,2110,1918,1942,2041,1953,2170,2146,2016,2212,2138,2008
6,15,1971,2116,1872,2001,1995,1899,1982,2000,2132,2128,1997,1758,1988,2045,1990,2047,2074,2146,2061,2093,1897,2070,2171,2118,2007,2142,2050,2076,1840,2129,2047,2016,2115,1925,1953,2050,1951,2183,2152,2014,2212,2141,2009
6,16,2003,2121,1864,2009,1994,1908,1987,2006,2134,2126,2005,1751,1994,2048,1993,2060,2063,2148,2063,2091,1900,2064,2167,2115,2001,2149,2053,2072,1857,2135,2042,2019,2118,1931,1980,2059,1945,2194,2154,2010,2214,2145,2009
6,17,2013,2127,1856,2014,1995,1924,1988,2010,2135,2120,2015,1749,2000,2053,1996,2073,2055,2149,2064,2086,1903,2065,2163,2113,1994,2150,2054,2072,1865,2141,2036,2023,2125,1939,2004,2070,1944,2203,2156,2025,2212,2149,2006
6,18,2020,2131,1844,2017,1997,1947,1988,2011,2134,2116,2027,1755,2003,2063,1999,2083,2047,2147,2063,2087,1906,2077,2159,2108,1986,2149,2057,2070,1867,2149,2036,2027,2133,1944,2022,2073,1953,2209,2155,2032,2209,2152,2002
6,19,2022,2135,1831,2017,1996,1970,1989,2014,2135,2118,2052,1764,2002,2071,2003,2094,2035,2145,2062,2100,1912,2085,2156,2104,1976,2152,2068,2069,1870,2155,2042,2030,2135,1954,2039,2077,1958,2215,2157,2031,2205,2150,1997
6,20,2030,2136,1824,2020,1998,1982,1990,2016,2136,2121,2058,1768,2001,2074,2007,2102,2023,2144,2063,2105,1916,2090,2154,2099,1966,2157,2074,2067,1876,2161,2046,2033,2132,1961,2056,2073,1958,2221,2159,2030,2201,2148,1991
6,21,2029,2135,1815,2023,1998,2002,1989,2017,2139,2122,2060,1770,2000,2073,2013,2109,2008,2145,2063,2103,1917,2093,2151,2095,1957,2163,2076,2064,1884,2163,2043,2034,2131,1971,2067,2072,1960,2224,2161,2028,2199,2143,1989
6,22,2032,2131,1809,2023,1997,2012,1987,2022,2145,2122,2058,1770,2005,2072,2019,2114,1993,2144,2062,2098,1917,2093,2147,2091,1950,2166,2075,2062,1888,2163,2038,2034,2128,1981,2084,2069,1960,2228,2162,2026,2198,2138,1986
6,23,2036,2126,1803,2019,1999,2019,1989,2037,2149,2120,2055,1769,2012,2070,2022,2118,1977,2143,2060,2101,1916,2094,2145,2085,1940,2167,2075,2060,1904,2164,2035,2032,2128,1985,2097,2069,1958,2233,2162,2027,2199,2131,1982
6,24,2035,2121,1798,2017,1999,2024,1988,2046,2151,2120,2056,1769,2019,2067,2024,2126,1962,2143,2065,2103,1914,2094,2143,2079,1932,2167,2083,2060,1909,2162,2031,2030,2124,1984,2103,2071,1952,2238,2163,2032,2199,2125,1977
6,25,2031,2115,1805,2013,1997,2028,1976,2051,2154,2120,2062,1771,2026,2066,2027,2134,1948,2142,2071,2106,1909,2102,2140,2073,1927,2165,2090,2062,1915,2159,2025,2030,2119,1984,2105,2071,1952,2243,2166,2037,2200,2124,1968
6,26,2027,2111,1818,2011,1999,2036,1966,2056,2153,2122,2067,1778,2030,2061,2027,2142,1936,2142,2068,2110,1911,2117,2137,2066,1923,2164,2094,2071,1919,2157,2030,2025,2113,1991,2105,2065,1953,2246,2166,2046,2198,2127,1958
6,27,2021,2104,1834,2007,1998,2047,1955,2063,2152,2122,2075,1808,2040,2058,2033,2148,1931,2140,2059,2111,1914,2129,2135,2059,1923,2164,2094,2077,1924,2155,2033,2022,2106,1997,2105,2071,1966,2247,2163,2054,2197,2133,1947
6,28,2015,2098,1843,2004,1997,2059,1955,2065,2149,2125,2082,1830,2047,2057,2042,2152,1914,2135,2050,2112,1917,2144,2131,2054,1922,2166,2101,2081,1926,2152,2038,2019,2101,2003,2104,2071,1981,2247,2159,2056,2196,2137,1946
6,29,2009,2090,1849,2004,1998,2068,1946,2067,2145,2132,2087,1845,2053,2053,2048,2157,1905,2133,2052,2110,1913,2152,2128,2049,1918,2170,2111,2082,1924,2156,2038,2015,2097,2011,2104,2074,1987,2248,2160,2070,2195,2139,1940
6,30,2004,2082,1851,2006,1999,2078,1945,2074,2138,2139,2092,1854,2064,2049,2056,2161,1891,2135,2041,2108,1904,2159,2128,2048,1910,2170,2119,2081,1924,2156,2038,2010,2091,2023,2105,2075,1993,2250,2153,2079,2191,2138,1936
7,1,2004,2074,1854,2009,1999,2088,1947,2081,2134,2149,2097,1861,2075,2045,2063,2164,1876,2139,2040,2105,1895,2165,2132,2043,1909,2168,2127,2080,1926,2159,2037,2005,2086,2031,2097,2079,1997,2258,2151,2085,2189,2136,1934
7,2,2004,2062,1858,2009,1997,2100,1952,2087,2134,2158,2100,1864,2082,2040,2074,2166,1859,2140,2042,2103,1892,2169,2134,2039,1910,2165,2131,2080,1931,2163,2036,2003,2082,2035,2098,2086,2003,2263,2151,2088,2187,2135,1931
7,3,2004,2049,1865,2009,1994,2107,1955,2095,2130,2163,2112,1865,2086,2033,2080,2166,1840,2140,2041,2099,1891,2172,2132,2034,1907,2163,2140,2082,1935,2165,2033,2000,2076,2039,2100,2102,2011,2265,2154,2109,2184,2134,1940
7,4,2001,2036,1874,2011,1989,2115,1954,2097,2131,2165,2122,1866,2087,2027,2081,2165,1827,2140,2037,2100,1889,2174,2127,2028,1899,2159,2147,2087,1938,2171,2034,1997,2067,2044,2102,2116,2010,2265,2157,2123,2182,2133,1961
7,5,1999,2032,1884,2016,1983,2127,1953,2106,2132,2168,2129,1863,2087,2027,2081,2165,1805,2140,2032,2100,1886,2176,2123,2026,1886,2159,2151,2091,1941,2172,2037,1989,2058,2050,2100,2123,2025,2264,2157,2139,2177,2132,1973
7,6,1996,2030,1893,2025,1977,2137,1957,2114,2131,2175,2135,1857,2088,2029,2080,2167,1790,2140,2027,2098,1882,2181,2117,2023,1871,2160,2152,2100,1946,2171,2042,1983,2050,2054,2097,2137,2031,2264,2154,2150,2173,2130,1976
7,7,1995,2031,1899,2030,1970,2146,1963,2117,2129,2178,2139,1854,2088,2028,2079,2165,1777,2138,2022,2097,1887,2187,2109,2020,1856,2160,2153,2108,1950,2168,2045,1979,2043,2059,2092,2154,2037,2262,2152,2163,2169,2128,1977
7,8,1991,2043,1902,2037,1961,2157,1968,2118,2128,2178,2147,1840,2087,2025,2078,2163,1766,2136,2017,2095,1896,2190,2103,2015,1843,2168,2154,2113,1952,2163,2045,1977,2037,2062,2087,2165,2042,2264,2148,2174,2164,2124,1980
7,9,1987,2046,1903,2039,1950,2169,1974,2117,2125,2176,2151,1830,2090,2020,2083,2159,1759,2133,2010,2091,1906,2194,2096,2009,1839,2165,2156,2115,1952,2149,2047,1972,2032,2065,2080,2169,2046,2266,2145,2178,2153,2124,1983
7,10,1985,2043,1900,2040,1942,2180,1979,2115,2122,2174,2154,1821,2093,2014,2086,2153,1758,2129,2001,2087,1916,2198,2087,2004,1844,2162,2158,2117,1952,2143,2045,1968,2027,2066,2072,2172,2050,2268,2141,2178,2144,2130,1985
7,11,1991,2037,1895,2041,1931,2185,1983,2114,2119,2171,2153,1819,2094,2009,2087,2148,1771,2125,1994,2083,1923,2204,2078,2001,1843,2159,2164,2122,1951,2143,2041,1973,2022,2067,2067,2174,2053,2273,2142,2178,2133,2134,1987
7,12,1997,2030,1893,2038,1920,2193,1984,2112,2114,2170,2153,1822,2094,2004,2086,2145,1791,2120,1984,2079,1929,2204,2069,1996,1854,2157,2173,2129,1950,2137,2041,1981,2020,2074,2058,2179,2057,2274,2140,2180,2130,2134,1990
7,13,2000,2020,1881,2033,1912,2201,1983,2113,2109,2169,2159,1836,2094,1998,2085,2144,1808,2114,1973,2075,1934,2207,2064,1989,1870,2153,2176,2139,1947,2131,2043,1991,2019,2082,2036,2181,2063,2276,2139,2179,2127,2136,1993
7,14,2006,2011,1881,2026,1903,2203,1983,2114,2107,2168,2164,1853,2093,1992,2084,2149,1819,2110,1967,2069,1934,2209,2065,1983,1882,2150,2175,2145,1942,2125,2047,1999,2015,2089,2036,2182,2070,2276,2133,2176,2122,2142,1996
7,15,2013,1999,1880,2022,1898,2204,1984,2116,2106,2167,2156,1870,2093,1982,2085,2153,1827,2108,1963,2062,1936,2211,2064,1977,1890,2150,2172,2149,1938,2119,2054,2007,2008,2093,2031,2187,2074,2275,2127,2173,2123,2149,1998
7,16,2019,1988,1879,2021,1896,2206,1985,2119,2113,2164,2153,1890,2090,1972,2088,2152,1835,2108,1957,2054,1941,2214,2061,1971,1893,2151,2169,2153,1934,2113,2060,2015,1996,2094,2020,2194,2075,2272,2122,2168,2127,2150,2002
7,17,2027,1977,1875,2018,1899,2211,1985,2125,2114,2161,2150,1900,2086,1964,2089,2150,1839,2107,1951,2046,1944,2221,2056,1971,1894,2160,2169,2153,1934,2110,2062,2027,1986,2093,2016,2195,2075,2269,2116,2165,2128,2148,2008
7,18,2034,1968,1869,2017,1903,2214,1987,2129,2115,2157,2147,1908,2076,1955,2091,2147,1843,2104,1947,2036,1941,2226,2055,1968,1895,2164,2167,2153,1937,2109,2059,2040,1976,2094,2019,2194,2075,2267,2110,2162,2125,2145,2013
7,19,2043,1959,1861,2016,1908,2216,1989,2131,2122,2153,2144,1918,2068,1945,2090,2146,1847,2104,1943,2026,1934,2228,2053,1965,1901,2170,2162,2154,1938,2108,2055,2049,1965,2095,2016,2191,2076,2265,2102,2161,2123,2142,2016
7,20,2050,1950,1856,2015,1913,2216,1990,2132,2128,2147,2140,1933,2058,1935,2087,2145,1851,2105,1941,2016,1929,2228,2050,1964,1897,2175,2157,2153,1934,2106,2051,2054,1961,2096,2012,2197,2076,2264,2093,2161,2123,2144,2018
7,21,2054,1940,1844,2012,1921,2217,1989,2136,2128,2140,2133,1944,2047,1931,2084,2147,1861,2104,1937,2004,1922,2227,2045,1972,1891,2181,2152,2151,1928,2101,2046,2056,1953,2095,2008,2200,2077,2262,2085,2157,2124,2143,2019
7,22,2053,1929,1831,2011,1931,2217,1989,2137,2126,2133,2135,1952,2038,1926,2086,2150,1865,2102,1935,1994,1914,2224,2041,1986,1885,2184,2147,2149,1921,2096,2046,2060,1942,2098,2003,2198,2078,2259,2078,2156,2125,2144,2021
7,23,2051,1917,1819,2011,1941,2218,1989,2145,2125,2123,2134,1957,2029,1922,2089,2152,1864,2102,1934,1985,1911,2221,2036,1991,1879,2187,2139,2146,1915,2090,2047,2062,1937,2102,2002,2193,2080,2256,2073,2153,2124,2147,2022
7,24,2047,1907,1808,2009,1947,2218,1987,2153,2122,2112,2133,1961,2018,1915,2089,2152,1861,2102,1932,1976,1910,2218,2032,1997,1873,2190,2130,2142,1909,2086,2047,2064,1931,2103,1999,2188,2083,2252,2069,2152,2133,2149,2031
7,25,2041,1899,1796,2004,1951,2217,1984,2156,2119,2100,2130,1963,2003,1909,2087,2150,1855,2101,1933,1969,1911,2215,2028,2008,1867,2192,2119,2136,1903,2081,2045,2065,1927,2100,1993,2185,2088,2252,2061,2144,2144,2148,2034
7,26,2036,1890,1791,1991,1956,2214,1982,2158,2115,2085,2131,1963,1998,1905,2084,2149,1846,2098,1935,1963,1909,2212,2023,2009,1862,2194,2108,2132,1896,2075,2041,2064,1920,2098,1987,2180,2093,2251,2055,2143,2152,2146,2036
7,27,2030,1881,1788,1987,1958,2213,1980,2162,2111,2076,2132,1965,1993,1906,2080,2148,1838,2097,1938,1974,1907,2206,2020,2009,1856,2196,2094,2134,1886,2074,2034,2065,1911,2096,1979,2177,2099,2248,2047,2137,2154,2145,2037
7,28,2022,1878,1790,1988,1962,2209,1974,2169,2107,2053,2136,1969,1985,1905,2078,2149,1831,2094,1947,1983,1909,2201,2026,2008,1854,2199,2080,2141,1876,2071,2029,2064,1900,2094,1970,2172,2099,2246,2040,2132,2156,2142,2038
7,29,2015,1892,1792,1989,1963,2205,1973,2171,2103,2048,2138,1973,1975,1906,2072,2149,1828,2094,1960,1989,1915,2195,2032,2000,1852,2205,2067,2142,1867,2070,2027,2062,1892,2091,1959,2172,2105,2245,2035,2124,2155,2138,2038
7,30,2002,1907,1793,1990,1965,2201,1973,2170,2099,2038,2141,1976,1967,1907,2065,2150,1823,2094,1972,1992,1917,2188,2036,1994,1857,2205,2057,2144,1856,2067,2026,2062,1884,2087,1953,2172,2106,2244,2031,2115,2145,2133,2037
7,31,1989,1917,1795,1988,1966,2196,1974,2169,2092,2031,2143,1979,1959,1909,2060,2150,1815,2095,1983,1995,1917,2183,2036,1991,1863,2204,2046,2146,1849,2063,2022,2064,1876,2080,1947,2172,2109,2246,2036,2105,2144,2129,2036
8,1,1978,1925,1798,1988,1968,2194,1976,2167,2088,2026,2144,1988,1950,1910,2052,2149,1804,2094,1995,1998,1912,2178,2036,1988,1872,2200,2036,2145,1843,2059,2018,2065,1868,2074,1947,2169,2106,2248,2037,2093,2143,2125,2038
8,2,1967,1935,1798,1984,1968,2186,1978,2163,2081,2023,2148,1991,1944,1913,2042,2149,1791,2089,2009,1998,1909,2173,2034,1985,1880,2197,2025,2143,1837,2056,2012,2068,1856,2067,1945,2163,2107,2251,2033,2082,2137,2120,2037
8,3,1951,1943,1819,1981,1970,2181,1980,2157,2071,2018,2152,1995,1937,1917,2031,2151,1778,2085,2020,2000,1905,2168,2033,1984,1889,2194,2015,2140,1830,2053,2006,2066,1849,2061,1936,2157,2106,2247,2027,2071,2132,2116,2037
8,4,1947,1944,1836,1976,1973,2175,1981,2152,2061,2013,2157,2000,1928,1918,2021,2150,1762,2081,2027,2005,1901,2160,2036,1981,1895,2190,2004,2137,1825,2049,1996,2064,1845,2056,1936,2150,2103,2246,2022,2060,2127,2111,2036
8,5,1942,1945,1841,1971,1978,2166,1981,2152,2050,2012,2160,2003,1920,1921,2011,2148,1744,2078,2030,2010,1896,2153,2037,1975,1905,2185,1996,2133,1820,2044,1991,2057,1841,2050,1933,2145,2098,2241,2014,2051,2124,2105,2035
8,6,1939,1944,1842,1965,1985,2158,1982,2152,2039,2011,2161,2005,1909,1924,1997,2147,1727,2077,2032,2014,1891,2145,2036,1969,1909,2181,1987,2130,1821,2039,1976,2054,1840,2049,1929,2137,2088,2238,2007,2042,2115,2097,2033
8,7,1937,1943,1843,1960,1992,2150,1985,2150,2033,2006,2162,2009,1900,1920,1983,2143,1710,2075,2042,2016,1888,2136,2034,1961,1915,2176,1977,2125,1825,2032,1965,2049,1839,2048,1923,2129,2085,2234,1999,2039,2104,2091,2031
8,8,1929,1941,1846,1961,1996,2139,1989,2145,2029,2003,2167,2012,1892,1916,1974,2139,1697,2073,2046,2016,1886,2129,2031,1953,1919,2171,1968,2119,1826,2026,1951,2039,1839,2047,1916,2128,2079,2229,1992,2037,2103,2089,2024
8,9,1925,1939,1850,1964,1996,2125,1993,2141,2018,1998,2171,2015,1883,1907,1963,2136,1683,2070,2050,2016,1886,2121,2029,1946,1925,2166,1964,2110,1830,2018,1940,2035,1843,2043,1905,2121,2073,2223,1984,2030,2096,2084,2017
8,10,1927,1935,1853,1965,2003,2111,1997,2137,2008,1993,2175,2021,1871,1896,1955,2134,1672,2066,2052,2014,1888,2112,2025,1942,1929,2159,1961,2102,1837,2013,1925,2026,1846,2039,1888,2114,2067,2216,1979,2027,2093,2079,2009
8,11,1933,1929,1856,1966,2013,2105,1999,2133,1987,1989,2173,2026,1854,1887,1949,2129,1657,2060,2052,2012,1887,2108,2020,1944,1930,2151,1958,2096,1843,2006,1911,2017,1846,2036,1874,2104,2061,2209,1973,2021,2084,2075,2000
8,12,1938,1922,1863,1968,2025,2098,2001,2129,1979,1986,2170,2029,1843,1883,1942,2123,1643,2052,2050,2009,1887,2103,2018,1949,1926,2144,1954,2093,1848,2004,1896,2009,1842,2034,1855,2094,2051,2203,1965,2014,2081,2071,1992
8,13,1934,1916,1869,1975,2029,2089,2003,2122,1963,1984,2164,2030,1835,1872,1934,2117,1629,2042,2047,2007,1886,2096,2012,1949,1924,2137,1951,2092,1850,2000,1887,1998,1835,2036,1834,2086,2040,2190,1961,2006,2075,2070,1982
8,14,1932,1908,1874,1979,2026,2083,2004,2113,1949,1984,2164,2031,1831,1865,1923,2110,1617,2034,2041,2005,1888,2089,2008,1951,1921,2129,1951,2088,1847,1993,1883,1990,1834,2037,1813,2078,2028,2176,1953,1996,2069,2072,1974
8,15,1933,1900,1875,1980,2019,2079,2004,2101,1940,1986,2156,2033,1841,1857,1913,2102,1604,2026,2036,2004,1886,2082,2002,1953,1920,2120,1952,2082,1842,1990,1876,1982,1827,2036,1795,2069,2017,2175,1949,1982,2061,2069,1966
8,16,1927,1889,1875,1981,2014,2066,2003,2087,1934,1990,2152,2043,1847,1849,1907,2093,1596,2018,2031,2002,1884,2072,1999,1953,1917,2111,1954,2069,1839,1985,1864,1974,1828,2035,1780,2058,1997,2165,1951,1971,2050,2064,1960
8,17,1925,1876,1870,1980,2007,2063,2001,2076,1932,1993,2144,2046,1868,1865,1905,2085,1590,2012,2028,1997,1883,2062,1997,1950,1913,2103,1955,2055,1841,1980,1852,1967,1829,2034,1766,2043,1983,2151,1956,1962,2041,2059,1957
8,18,1925,1863,1862,1986,2005,2057,1997,2064,1927,1995,2140,2045,1876,1878,1911,2069,1591,2004,2024,1991,1882,2051,1994,1946,1909,2094,1955,2039,1852,1974,1838,1964,1833,2035,1754,2030,1966,2138,1961,1951,2035,2054,1954
8,19,1924,1850,1853,1999,2002,2047,1992,2053,1922,1997,2138,2041,1881,1886,1911,2065,1597,1994,2019,1984,1887,2042,1996,1941,1907,2085,1952,2026,1866,1969,1825,1960,1837,2036,1745,2022,1950,2125,1963,1941,2028,2047,1949
8,20,1923,1838,1842,2011,1999,2045,1987,2041,1914,1997,2142,2035,1881,1886,1908,2058,1607,1984,2017,1976,1888,2033,1999,1937,1911,2079,1950,2013,1880,1964,1812,1958,1841,2035,1752,1996,1935,2111,1963,1931,2023,2040,1945
8,21,1922,1827,1837,2017,2003,2031,1982,2030,1909,1998,2146,2031,1878,1884,1907,2047,1612,1971,2015,1968,1888,2024,2001,1934,1915,2068,1945,1999,1887,1961,1801,1955,1846,2034,1755,1976,1918,2092,1962,1922,2017,2029,1937
8,22,1919,1818,1833,2018,2008,2021,1975,2017,1905,1998,2145,2019,1874,1881,1911,2035,1613,1959,2011,1961,1886,2014,1992,1933,1918,2060,1941,1983,1889,1958,1791,1952,1851,2032,1758,1953,1896,2074,1960,1912,2011,2019,1928
8,23,1913,1810,1834,2016,2012,2014,1971,2006,1900,1996,2144,2008,1871,1880,1914,2023,1606,1944,2007,1953,1886,2005,1981,1929,1922,2052,1948,1970,1887,1956,1777,1946,1858,2029,1762,1930,1873,2055,1961,1904,2004,2006,1918
8,24,1909,1803,1842,2013,2015,1999,1967,1995,1894,1993,2144,1996,1866,1878,1912,2011,1600,1934,2000,1948,1887,1992,1966,1924,1921,2044,1958,1961,1884,1954,1763,1941,1866,2024,1765,1890,1851,2043,1959,1896,2000,1994,1905
8,25,1903,1797,1852,2009,2018,1983,1964,1983,1888,1989,2142,1991,1856,1878,1907,2002,1592,1921,1994,1946,1888,1992,1953,1916,1920,2038,1963,1950,1881,1951,1749,1932,1875,2017,1767,1865,1835,2024,1957,1887,1991,1981,1891
8,26,1897,1791,1865,2007,2021,1961,1961,1971,1881,1985,2132,1975,1848,1879,1899,1994,1584,1908,1986,1944,1888,1992,1939,1907,1918,2031,1961,1939,1875,1946,1736,1924,1884,2012,1771,1839,1822,2005,1955,1882,1985,1972,1873
8,27,1886,1787,1877,2006,2027,1938,1957,1958,1872,1982,2127,1966,1843,1884,1890,1992,1578,1894,1978,1945,1885,1989,1926,1897,1918,2025,1955,1927,1862,1942,1725,1916,1892,2003,1777,1817,1815,1980,1949,1873,1978,1965,1856
8,28,1881,1777,1890,2003,2030,1911,1954,1945,1865,1976,2118,1956,1835,1891,1881,1983,1571,1884,1972,1944,1878,1980,1913,1889,1919,2019,1948,1915,1857,1940,1715,1907,1899,1994,1779,1809,1813,1962,1946,1867,1967,1957,1837
8,29,1879,1767,1903,1995,2029,1884,1951,1932,1860,1968,2109,1948,1824,1901,1871,1979,1564,1876,1962,1941,1868,1966,1903,1881,1919,2016,1938,1903,1851,1937,1706,1900,1907,1983,1784,1793,1821,1947,1938,1859,1959,1948,1819
8,30,1875,1754,1911,1987,2029,1857,1947,1919,1850,1965,2097,1941,1810,1909,1861,1975,1560,1869,1950,1938,1859,1951,1896,1876,1917,2010,1928,1891,1833,1933,1693,1894,1916,1973,1794,1776,1824,1934,1932,1847,1959,1942,1799
8,31,1871,1743,1914,1978,2033,1836,1941,1907,1843,1965,2094,1938,1795,1914,1851,1974,1553,1862,1940,1937,1851,1932,1892,1870,1914,2003,1916,1880,1817,1929,1681,1887,1921,1963,1800,1757,1827,1917,1917,1836,1958,1937,1781
9,1,1877,1732,1912,1975,2033,1816,1932,1893,1833,1963,2092,1935,1777,1916,1836,1974,1544,1857,1930,1933,1845,1914,1890,1866,1909,1994,1909,1867,1803,1923,1672,1882,1925,1946,1805,1748,1825,1907,1906,1816,1963,1931,1761
9,2,1872,1717,1909,1964,2030,1799,1923,1881,1826,1958,2075,1930,1757,1915,1817,1973,1535,1851,1920,1932,1839,1898,1889,1861,1905,1983,1906,1860,1788,1918,1661,1879,1928,1933,1808,1727,1822,1895,1897,1800,1957,1923,1739
9,3,1871,1705,1901,1957,2026,1786,1915,1877,1821,1952,2071,1921,1751,1917,1802,1973,1531,1846,1913,1928,1830,1880,1888,1855,1896,1972,1905,1855,1773,1909,1658,1874,1928,1919,1809,1715,1814,1878,1885,1791,1953,1919,1715
9,4,1867,1690,1895,1945,2028,1776,1908,1883,1814,1943,2067,1915,1754,1918,1782,1971,1536,1841,1908,1923,1819,1864,1884,1847,1888,1963,1904,1849,1758,1901,1657,1866,1925,1906,1805,1702,1804,1869,1872,1790,1970,1917,1691
9,5,1863,1682,1891,1931,2033,1768,1895,1891,1809,1933,2059,1909,1759,1917,1758,1969,1542,1835,1902,1922,1807,1848,1883,1838,1878,1948,1903,1842,1744,1892,1659,1858,1922,1893,1801,1690,1789,1862,1858,1787,1963,1916,1666
9,6,1860,1675,1886,1915,2038,1760,1881,1893,1803,1923,2052,1903,1769,1913,1737,1965,1545,1826,1896,1932,1795,1830,1876,1828,1867,1942,1901,1834,1728,1878,1661,1851,1919,1883,1792,1678,1783,1855,1845,1780,1952,1921,1638
9,7,1860,1671,1876,1896,2040,1751,1867,1894,1796,1909,2044,1890,1776,1909,1720,1960,1541,1817,1887,1940,1782,1812,1871,1818,1858,1932,1902,1824,1711,1867,1665,1847,1913,1873,1783,1673,1764,1864,1832,1770,1947,1922,1610
9,8,1861,1671,1864,1879,2038,1739,1854,1892,1788,1893,2035,1878,1781,1906,1701,1954,1534,1809,1876,1939,1794,1798,1865,1811,1849,1922,1902,1811,1694,1859,1668,1843,1905,1863,1771,1679,1746,1863,1820,1760,1942,1920,1581
9,9,1862,1684,1847,1865,2025,1731,1842,1887,1781,1873,2030,1868,1786,1906,1690,1946,1527,1803,1864,1931,1791,1782,1860,1808,1841,1912,1904,1799,1681,1853,1671,1836,1899,1848,1756,1698,1739,1852,1813,1749,1937,1916,1555
9,10,1862,1704,1828,1858,2017,1731,1830,1880,1772,1852,2019,1858,1790,1913,1687,1937,1516,1796,1851,1920,1780,1766,1853,1807,1834,1902,1902,1788,1668,1844,1674,1828,1895,1834,1736,1723,1730,1851,1808,1736,1932,1911,1532
9,11,1860,1730,1809,1854,2012,1735,1821,1871,1765,1826,2009,1846,1796,1917,1693,1927,1505,1788,1840,1909,1762,1750,1847,1808,1827,1891,1900,1783,1656,1836,1674,1818,1892,1819,1716,1738,1714,1842,1807,1728,1925,1903,1515
9,12,1857,1745,1792,1846,2002,1744,1815,1865,1759,1807,1995,1833,1801,1915,1699,1918,1489,1778,1832,1898,1744,1737,1840,1808,1820,1882,1898,1779,1646,1825,1672,1810,1890,1805,1694,1747,1706,1837,1803,1720,1918,1901,1501
9,13,1853,1751,1778,1844,1992,1755,1811,1866,1752,1786,1987,1810,1806,1908,1701,1909,1475,1779,1827,1889,1730,1725,1835,1812,1815,1872,1895,1775,1644,1816,1669,1802,1893,1791,1669,1753,1694,1831,1799,1713,1913,1911,1496
9,14,1848,1752,1765,1843,1982,1768,1808,1869,1743,1769,1979,1778,1807,1899,1699,1900,1462,1777,1824,1883,1719,1718,1827,1818,1812,1865,1893,1768,1647,1804,1662,1792,1899,1782,1639,1754,1683,1825,1787,1709,1911,1913,1504
9,15,1843,1750,1753,1843,1971,1759,1811,1871,1734,1752,1968,1761,1809,1890,1695,1892,1450,1776,1821,1876,1711,1708,1818,1820,1807,1861,1891,1758,1650,1790,1654,1780,1901,1775,1615,1749,1672,1819,1783,1703,1907,1908,1512
9,16,1840,1747,1737,1842,1957,1750,1814,1869,1728,1734,1957,1747,1811,1882,1691,1882,1439,1780,1814,1868,1696,1702,1809,1819,1801,1860,1883,1751,1658,1776,1642,1770,1901,1762,1586,1741,1663,1813,1778,1703,1907,1892,1520
9,17,1838,1740,1723,1843,1943,1736,1812,1866,1710,1714,1944,1736,1818,1873,1687,1874,1428,1788,1803,1863,1683,1694,1797,1816,1792,1859,1878,1744,1667,1764,1629,1761,1899,1755,1559,1731,1658,1809,1778,1699,1905,1877,1529
9,18,1840,1731,1712,1849,1926,1719,1806,1864,1687,1694,1935,1725,1820,1862,1685,1874,1421,1793,1789,1860,1671,1687,1783,1811,1789,1860,1876,1736,1670,1752,1617,1754,1896,1753,1540,1724,1657,1813,1773,1698,1897,1862,1533
9,19,1842,1720,1700,1863,1909,1706,1796,1861,1673,1676,1914,1718,1819,1852,1687,1876,1411,1792,1772,1857,1668,1684,1772,1807,1785,1861,1876,1728,1670,1742,1606,1744,1893,1757,1526,1713,1654,1820,1765,1695,1893,1848,1534
9,20,1842,1702,1693,1869,1892,1692,1787,1859,1658,1656,1998,1711,1813,1839,1690,1873,1402,1787,1754,1857,1674,1682,1782,1802,1779,1859,1875,1726,1667,1740,1599,1734,1892,1758,1515,1704,1671,1830,1753,1693,1891,1837,1530
9,21,1841,1680,1688,1866,1876,1682,1775,1864,1652,1636,1882,1705,1806,1824,1694,1866,1393,1780,1738,1856,1685,1680,1793,1795,1771,1852,1871,1727,1663,1740,1594,1723,1897,1758,1505,1696,1675,1829,1739,1689,1882,1829,1526
9,22,1837,1653,1689,1864,1861,1667,1764,1872,1666,1620,1873,1698,1798,1806,1696,1858,1396,1776,1726,1853,1695,1672,1795,1788,1759,1841,1867,1729,1659,1740,1592,1707,1904,1756,1498,1683,1679,1839,1724,1686,1884,1817,1522
9,23,1828,1618,1690,1856,1849,1660,1755,1876,1688,1605,1849,1691,1788,1792,1696,1848,1395,1771,1717,1847,1698,1658,1791,1780,1744,1828,1863,1728,1657,1733,1590,1691,1908,1752,1489,1681,1680,1840,1711,1681,1889,1802,1517
9,24,1822,1587,1690,1850,1842,1651,1759,1877,1710,1593,1834,1683,1777,1777,1697,1839,1404,1764,1710,1841,1698,1638,1787,1769,1728,1811,1860,1733,1655,1728,1589,1674,1905,1750,1481,1676,1680,1839,1702,1677,1889,1780,1509
9,25,1815,1568,1682,1844,1834,1642,1767,1875,1722,1578,1826,1673,1755,1763,1698,1832,1416,1759,1705,1829,1694,1612,1781,1757,1712,1789,1855,1746,1649,1725,1587,1664,1902,1746,1472,1672,1683,1833,1692,1669,1887,1765,1503
9,26,1803,1544,1673,1837,1826,1631,1776,1871,1731,1571,1821,1661,1738,1765,1697,1825,1428,1757,1697,1815,1690,1591,1772,1744,1698,1776,1847,1756,1638,1725,1584,1656,1898,1740,1462,1668,1681,1827,1684,1663,1885,1755,1498
9,27,1793,1535,1666,1829,1815,1624,1783,1863,1747,1571,1812,1642,1714,1763,1691,1819,1437,1757,1689,1803,1684,1568,1767,1730,1691,1758,1836,1764,1621,1727,1583,1651,1892,1732,1448,1661,1682,1821,1685,1659,1881,1747,1496
9,28,1782,1532,1653,1818,1812,1619,1790,1856,1766,1577,1801,1629,1691,1762,1682,1815,1445,1754,1680,1799,1677,1551,1761,1718,1687,1737,1829,1763,1602,1725,1591,1647,1885,1722,1434,1646,1688,1813,1707,1657,1873,1738,1495
9,29,1772,1539,1639,1807,1808,1616,1797,1848,1786,1581,1792,1621,1666,1765,1670,1811,1450,1744,1675,1799,1670,1541,1765,1711,1686,1723,1823,1768,1583,1725,1605,1647,1874,1709,1419,1643,1691,1804,1717,1660,1861,1728,1492
9,30,1761,1544,1623,1797,1803,1623,1808,1852,1771,1585,1782,1615,1639,1769,1652,1808,1452,1731,1679,1797,1661,1538,1774,1703,1685,1708,1817,1755,1567,1723,1618,1650,1863,1693,1401,1634,1704,1790,1714,1661,1858,1718,1486
10,1,1752,1549,1604,1771,1796,1641,1821,1855,1768,1586,1774,1612,1615,1770,1634,1806,1451,1716,1694,1796,1652,1538,1784,1696,1681,1693,1809,1738,1550,1715,1632,1656,1850,1672,1388,1628,1723,1783,1707,1659,1861,1705,1488
10,2,1739,1556,1584,1755,1786,1662,1832,1849,1762,1586,1755,1610,1597,1768,1616,1803,1444,1704,1705,1805,1647,1537,1792,1691,1675,1687,1802,1728,1534,1703,1645,1662,1837,1653,1373,1621,1742,1775,1697,1657,1849,1695,1478
10,3,1725,1559,1573,1743,1783,1681,1842,1839,1758,1593,1743,1606,1587,1762,1604,1799,1434,1705,1719,1818,1641,1531,1795,1685,1666,1683,1796,1722,1535,1691,1658,1669,1823,1619,1365,1611,1755,1766,1684,1645,1854,1688,1468
10,4,1708,1561,1568,1730,1772,1698,1862,1827,1780,1616,1728,1603,1580,1760,1596,1797,1422,1710,1730,1829,1638,1521,1793,1680,1655,1681,1791,1715,1544,1679,1671,1671,1807,1599,1364,1598,1769,1755,1682,1648,1847,1683,1458
10,5,1697,1565,1567,1718,1765,1710,1879,1814,1783,1641,1711,1602,1582,1760,1590,1798,1411,1712,1738,1833,1636,1512,1787,1678,1643,1674,1787,1706,1550,1673,1684,1669,1791,1597,1364,1586,1779,1744,1690,1644,1827,1676,1448
10,6,1689,1567,1563,1706,1765,1726,1884,1799,1798,1659,1698,1597,1585,1755,1584,1803,1399,1709,1743,1834,1636,1504,1778,1694,1628,1663,1782,1695,1552,1669,1699,1662,1774,1598,1364,1568,1770,1725,1697,1649,1814,1670,1438
10,7,1683,1564,1571,1695,1763,1732,1881,1789,1804,1669,1668,1593,1585,1745,1575,1804,1389,1705,1748,1832,1630,1498,1774,1712,1613,1652,1775,1684,1555,1665,1710,1655,1761,1595,1359,1570,1787,1706,1699,1634,1812,1669,1428
10,8,1676,1564,1578,1686,1763,1741,1874,1788,1806,1676,1645,1586,1586,1730,1571,1799,1381,1699,1758,1829,1618,1493,1759,1741,1603,1637,1767,1675,1578,1658,1713,1644,1746,1588,1356,1569,1786,1685,1697,1632,1809,1670,1419
10,9,1666,1563,1585,1680,1765,1741,1863,1791,1802,1679,1618,1580,1593,1718,1550,1791,1375,1694,1776,1822,1599,1488,1752,1768,1595,1630,1755,1661,1589,1651,1711,1633,1731,1587,1360,1568,1814,1666,1689,1635,1812,1666,1414
10,10,1657,1549,1587,1678,1770,1742,1857,1791,1798,1679,1592,1580,1604,1709,1536,1780,1371,1690,1793,1814,1575,1480,1744,1782,1595,1632,1743,1652,1594,1641,1711,1622,1712,1594,1359,1570,1819,1644,1714,1639,1808,1656,1416
10,11,1651,1541,1583,1674,1778,1743,1846,1787,1793,1673,1565,1578,1620,1705,1527,1766,1371,1685,1806,1805,1552,1468,1736,1785,1597,1641,1730,1660,1595,1630,1708,1609,1696,1637,1364,1580,1814,1621,1730,1651,1802,1643,1417
10,12,1647,1530,1576,1674,1783,1752,1828,1786,1787,1666,1542,1572,1637,1705,1520,1750,1372,1678,1814,1796,1544,1454,1726,1784,1593,1647,1716,1683,1598,1620,1703,1595,1677,1659,1367,1592,1816,1600,1735,1651,1805,1631,1415
10,13,1642,1521,1569,1680,1783,1753,1808,1782,1780,1659,1527,1564,1652,1714,1521,1735,1374,1668,1817,1788,1549,1441,1714,1779,1594,1646,1704,1705,1601,1612,1690,1580,1658,1673,1372,1605,1828,1574,1736,1658,1800,1620,1407
10,14,1637,1511,1556,1686,1781,1747,1785,1779,1769,1655,1517,1549,1667,1722,1527,1717,1379,1656,1817,1781,1549,1434,1703,1772,1585,1636,1693,1718,1610,1603,1670,1581,1643,1689,1385,1617,1844,1555,1735,1659,1775,1610,1396
10,15,1637,1502,1544,1697,1777,1754,1762,1775,1775,1653,1509,1526,1691,1729,1536,1704,1385,1646,1816,1773,1539,1430,1695,1759,1579,1620,1681,1727,1620,1594,1646,1601,1635,1701,1407,1623,1844,1538,1739,1648,1755,1601,1386
10,16,1642,1497,1536,1699,1773,1769,1738,1770,1771,1646,1505,1509,1712,1730,1540,1697,1386,1638,1815,1764,1527,1428,1693,1743,1577,1601,1668,1735,1630,1584,1625,1610,1629,1714,1432,1627,1845,1529,1747,1645,1746,1591,1380
10,17,1644,1506,1526,1699,1767,1779,1715,1762,1773,1636,1500,1512,1725,1731,1538,1695,1384,1631,1812,1755,1517,1427,1694,1721,1575,1583,1664,1746,1638,1574,1605,1614,1621,1726,1447,1629,1834,1527,1751,1608,1741,1595,1375
10,18,1644,1517,1515,1703,1761,1785,1697,1763,1774,1624,1494,1520,1736,1729,1534,1695,1388,1619,1805,1743,1516,1426,1696,1693,1583,1572,1671,1752,1641,1568,1591,1614,1609,1734,1461,1627,1821,1528,1752,1602,1735,1607,1372
10,19,1644,1547,1500,1707,1752,1787,1679,1763,1772,1610,1488,1524,1749,1725,1529,1695,1395,1604,1797,1729,1522,1424,1698,1661,1590,1564,1683,1752,1639,1563,1579,1613,1597,1752,1471,1621,1810,1533,1754,1599,1725,1616,1374
10,20,1641,1550,1492,1710,1742,1794,1665,1755,1769,1595,1478,1524,1755,1718,1522,1694,1414,1591,1787,1714,1532,1423,1697,1625,1593,1561,1696,1752,1632,1561,1574,1609,1583,1765,1477,1612,1802,1536,1753,1573,1714,1632,1380
10,21,1637,1531,1483,1712,1734,1802,1655,1740,1763,1588,1470,1521,1759,1716,1514,1692,1426,1589,1778,1701,1546,1425,1695,1592,1595,1557,1708,1750,1628,1558,1578,1603,1568,1772,1476,1605,1799,1536,1752,1560,1700,1653,1391
10,22,1628,1532,1476,1712,1726,1810,1652,1724,1758,1586,1463,1514,1761,1715,1498,1690,1436,1596,1770,1694,1558,1433,1692,1573,1593,1554,1722,1746,1626,1556,1593,1599,1548,1777,1470,1596,1795,1535,1747,1546,1695,1668,1404
10,23,1617,1533,1469,1715,1717,1815,1650,1710,1755,1586,1459,1502,1761,1712,1492,1690,1454,1600,1760,1687,1574,1449,1686,1562,1589,1556,1731,1741,1628,1551,1604,1598,1532,1780,1462,1589,1786,1541,1739,1532,1689,1671,1423
10,24,1605,1538,1460,1715,1705,1821,1650,1706,1749,1587,1459,1487,1758,1704,1487,1693,1475,1598,1751,1679,1586,1483,1685,1545,1583,1563,1734,1735,1628,1548,1618,1595,1521,1786,1450,1585,1773,1555,1730,1524,1688,1673,1445
10,25,1588,1548,1450,1714,1691,1828,1646,1708,1744,1597,1464,1472,1750,1691,1487,1694,1489,1593,1741,1672,1593,1536,1680,1537,1576,1575,1732,1729,1624,1545,1630,1591,1514,1794,1442,1580,1758,1569,1722,1524,1681,1674,1465
10,26,1574,1553,1443,1712,1678,1835,1641,1711,1740,1609,1460,1456,1739,1674,1496,1695,1496,1585,1734,1670,1593,1560,1675,1530,1571,1593,1723,1728,1616,1540,1637,1584,1511,1804,1441,1576,1741,1578,1712,1526,1687,1671,1477
10,27,1560,1561,1454,1704,1674,1841,1635,1714,1731,1616,1473,1445,1731,1655,1511,1694,1492,1581,1716,1676,1587,1571,1665,1529,1565,1607,1714,1724,1608,1535,1637,1576,1505,1807,1444,1578,1724,1579,1702,1514,1716,1664,1483
10,28,1549,1562,1477,1692,1674,1847,1627,1715,1723,1616,1480,1434,1723,1635,1520,1688,1485,1580,1703,1680,1575,1576,1660,1528,1558,1622,1704,1716,1600,1534,1637,1563,1499,1810,1449,1584,1688,1579,1689,1503,1732,1659,1487
10,29,1540,1559,1535,1681,1674,1848,1619,1708,1712,1617,1485,1425,1717,1613,1528,1680,1474,1575,1692,1676,1563,1583,1649,1528,1549,1631,1697,1711,1595,1535,1643,1546,1497,1813,1450,1591,1687,1572,1671,1515,1746,1652,1486
10,30,1530,1550,1566,1678,1671,1845,1611,1700,1703,1618,1490,1415,1717,1590,1536,1670,1459,1567,1679,1666,1549,1587,1650,1527,1540,1635,1698,1703,1590,1540,1650,1531,1494,1806,1448,1597,1669,1561,1655,1510,1763,1654,1481
10,31,1517,1542,1581,1674,1664,1838,1603,1691,1701,1621,1495,1406,1714,1567,1542,1658,1440,1559,1669,1654,1539,1592,1653,1524,1536,1637,1700,1701,1582,1546,1655,1518,1489,1794,1443,1597,1654,1545,1634,1509,1775,1657,1471
11,1,1501,1530,1589,1666,1654,1827,1594,1683,1705,1629,1497,1394,1706,1544,1558,1648,1420,1556,1663,1648,1538,1605,1667,1518,1536,1638,1702,1707,1567,1549,1659,1508,1485,1781,1440,1592,1640,1526,1619,1508,1788,1660,1460
11,2,1487,1533,1609,1662,1644,1819,1588,1676,1710,1635,1497,1388,1694,1530,1597,1638,1399,1558,1657,1649,1537,1617,1675,1515,1542,1638,1700,1714,1557,1546,1660,1507,1482,1769,1441,1588,1628,1506,1604,1517,1790,1668,1447
11,3,1474,1540,1623,1659,1633,1815,1582,1674,1715,1632,1494,1386,1686,1517,1630,1631,1386,1559,1651,1652,1537,1633,1678,1517,1549,1637,1698,1721,1543,1544,1658,1513,1481,1752,1436,1586,1617,1488,1590,1528,1795,1683,1431
11,4,1463,1552,1634,1650,1620,1810,1573,1676,1716,1629,1493,1390,1687,1511,1642,1620,1377,1559,1644,1653,1538,1649,1680,1521,1553,1635,1691,1726,1531,1537,1653,1513,1484,1732,1430,1585,1613,1479,1579,1549,1796,1701,1417
11,5,1453,1550,1644,1635,1614,1802,1562,1678,1711,1624,1491,1407,1705,1502,1647,1610,1369,1558,1632,1655,1539,1663,1686,1525,1554,1634,1679,1729,1518,1535,1650,1506,1489,1710,1426,1579,1612,1473,1574,1574,1793,1706,1407
11,6,1444,1552,1651,1619,1608,1790,1553,1678,1718,1621,1484,1420,1705,1494,1652,1608,1362,1566,1614,1653,1539,1673,1700,1526,1552,1631,1666,1729,1504,1531,1642,1496,1497,1685,1434,1577,1620,1469,1573,1597,1790,1706,1399
11,7,1433,1560,1657,1605,1597,1782,1543,1678,1733,1616,1475,1434,1703,1484,1659,1610,1355,1577,1595,1646,1535,1680,1712,1525,1546,1623,1651,1727,1487,1529,1635,1491,1505,1659,1447,1563,1620,1472,1578,1615,1790,1700,1403
11,8,1422,1562,1656,1602,1586,1777,1536,1675,1740,1608,1461,1447,1702,1477,1674,1620,1351,1588,1576,1632,1529,1710,1722,1521,1539,1615,1636,1721,1474,1525,1626,1486,1517,1637,1455,1554,1620,1477,1582,1627,1789,1695,1413
11,9,1412,1558,1654,1607,1582,1771,1532,1673,1738,1595,1447,1457,1707,1484,1710,1630,1350,1596,1558,1617,1523,1740,1731,1515,1542,1603,1628,1711,1460,1526,1616,1483,1529,1616,1462,1547,1628,1487,1587,1636,1793,1691,1425
11,10,1406,1550,1650,1613,1577,1763,1528,1673,1731,1584,1433,1461,1714,1497,1735,1637,1349,1603,1540,1602,1520,1755,1738,1508,1563,1597,1628,1696,1447,1528,1609,1479,1546,1601,1464,1546,1636,1496,1591,1642,1805,1694,1439
11,11,1402,1542,1642,1616,1572,1750,1525,1675,1718,1565,1427,1466,1724,1509,1748,1642,1356,1604,1522,1592,1519,1758,1740,1500,1593,1602,1636,1682,1433,1537,1603,1473,1559,1581,1460,1545,1635,1510,1596,1633,1816,1690,1457
11,12,1399,1540,1625,1612,1569,1742,1524,1676,1705,1554,1421,1477,1735,1516,1755,1645,1365,1599,1505,1591,1519,1753,1741,1488,1618,1621,1647,1660,1418,1547,1597,1467,1569,1566,1455,1541,1633,1518,1612,1625,1818,1682,1468
11,13,1398,1542,1603,1616,1570,1734,1522,1683,1692,1540,1413,1487,1741,1516,1769,1644,1377,1588,1488,1592,1519,1749,1736,1483,1632,1646,1660,1642,1406,1569,1595,1465,1582,1567,1449,1539,1631,1522,1638,1617,1823,1677,1481
11,14,1400,1546,1577,1621,1570,1732,1519,1695,1681,1530,1407,1493,1747,1511,1779,1640,1387,1573,1472,1582,1521,1743,1728,1482,1641,1670,1673,1622,1393,1606,1603,1466,1595,1585,1444,1533,1633,1521,1660,1607,1831,1674,1492
11,15,1403,1545,1552,1624,1573,1733,1514,1706,1675,1519,1398,1498,1760,1499,1785,1637,1396,1559,1456,1562,1521,1739,1718,1488,1647,1686,1684,1605,1387,1637,1621,1472,1611,1572,1436,1528,1636,1517,1669,1600,1831,1670,1497
11,16,1411,1538,1521,1627,1576,1734,1507,1715,1671,1507,1392,1504,1776,1483,1790,1632,1406,1543,1441,1536,1518,1735,1705,1502,1650,1709,1690,1596,1379,1654,1638,1480,1629,1585,1434,1528,1635,1512,1679,1592,1829,1665,1497
11,17,1423,1526,1508,1633,1576,1733,1498,1721,1662,1502,1390,1517,1789,1467,1790,1627,1417,1533,1430,1514,1510,1734,1692,1518,1650,1730,1692,1594,1373,1663,1659,1488,1637,1597,1433,1522,1628,1515,1686,1574,1817,1663,1491
11,18,1436,1513,1500,1643,1576,1733,1491,1722,1656,1508,1388,1534,1794,1451,1790,1621,1433,1530,1424,1517,1500,1730,1680,1532,1647,1741,1689,1590,1370,1673,1687,1496,1640,1603,1443,1514,1618,1521,1688,1564,1799,1682,1481
11,19,1444,1504,1494,1653,1576,1731,1490,1720,1661,1517,1387,1538,1794,1437,1789,1616,1453,1535,1430,1570,1486,1727,1667,1543,1644,1742,1685,1584,1371,1695,1710,1504,1639,1605,1445,1507,1604,1527,1687,1555,1787,1700,1470
11,20,1448,1497,1487,1662,1584,1730,1499,1715,1672,1527,1393,1540,1792,1422,1784,1610,1464,1542,1429,1620,1471,1722,1651,1556,1640,1742,1679,1585,1372,1707,1724,1509,1637,1610,1448,1503,1590,1528,1683,1554,1782,1711,1455
11,21,1445,1493,1481,1677,1604,1723,1512,1715,1677,1533,1412,1540,1792,1412,1779,1604,1475,1546,1426,1648,1455,1715,1635,1561,1652,1741,1674,1584,1373,1716,1735,1509,1633,1615,1451,1505,1572,1536,1680,1554,1778,1723,1443
11,22,1439,1491,1477,1692,1613,1714,1524,1722,1677,1539,1426,1538,1791,1415,1773,1606,1483,1555,1431,1670,1439,1707,1636,1565,1667,1743,1671,1585,1370,1724,1748,1505,1626,1628,1454,1512,1554,1567,1672,1559,1773,1738,1434
11,23,1432,1487,1471,1705,1618,1712,1532,1723,1677,1543,1448,1536,1791,1428,1768,1614,1484,1579,1449,1688,1431,1697,1641,1567,1680,1744,1671,1596,1370,1738,1757,1494,1612,1646,1451,1523,1529,1602,1662,1561,1769,1743,1432
11,24,1422,1482,1466,1714,1621,1719,1538,1716,1677,1548,1457,1531,1789,1452,1765,1627,1481,1601,1473,1701,1406,1685,1636,1571,1686,1744,1675,1620,1370,1761,1765,1485,1600,1691,1441,1534,1514,1630,1650,1562,1772,1744,1430
11,25,1411,1472,1459,1719,1624,1726,1546,1710,1676,1559,1459,1527,1782,1476,1760,1643,1477,1607,1500,1706,1393,1667,1622,1575,1684,1743,1675,1645,1369,1770,1768,1472,1596,1715,1429,1544,1497,1640,1635,1560,1770,1741,1436
11,26,1405,1462,1449,1720,1626,1732,1559,1706,1672,1563,1457,1523,1769,1500,1755,1659,1473,1607,1520,1704,1380,1652,1607,1576,1681,1744,1668,1667,1365,1776,1770,1456,1591,1715,1437,1558,1488,1645,1620,1557,1767,1731,1446
11,27,1406,1452,1448,1718,1627,1733,1570,1700,1668,1575,1453,1527,1754,1527,1747,1681,1470,1607,1536,1699,1372,1629,1595,1572,1676,1745,1657,1684,1359,1781,1768,1446,1588,1719,1436,1571,1479,1650,1604,1559,1765,1724,1469
11,28,1408,1443,1444,1722,1624,1731,1578,1691,1660,1588,1445,1536,1737,1544,1738,1700,1467,1610,1544,1695,1372,1604,1588,1563,1671,1744,1641,1700,1352,1781,1763,1439,1585,1718,1446,1581,1475,1675,1590,1561,1758,1734,1494
11,29,1414,1438,1456,1723,1619,1727,1580,1682,1655,1606,1439,1546,1728,1575,1727,1721,1463,1609,1548,1688,1374,1576,1583,1552,1666,1738,1623,1713,1348,1778,1760,1436,1581,1714,1458,1587,1462,1707,1577,1574,1748,1750,1513
11,30,1424,1431,1464,1716,1615,1717,1577,1677,1647,1625,1423,1557,1734,1607,1710,1738,1460,1606,1545,1680,1375,1552,1578,1542,1662,1727,1605,1722,1343,1773,1758,1436,1579,1704,1459,1594,1465,1730,1572,1575,1740,1759,1521
12,1,1432,1429,1472,1702,1596,1703,1573,1681,1637,1646,1409,1576,1744,1636,1696,1747,1452,1604,1534,1667,1375,1530,1574,1535,1658,1713,1582,1731,1337,1766,1759,1432,1579,1687,1464,1597,1464,1737,1571,1645,1729,1760,1523
12,2,1437,1442,1482,1686,1592,1686,1569,1685,1622,1663,1396,1599,1747,1650,1673,1751,1443,1611,1522,1652,1375,1509,1573,1536,1655,1697,1562,1739,1331,1763,1763,1428,1582,1678,1467,1593,1465,1742,1571,1665,1724,1757,1519
12,3,1438,1467,1488,1665,1590,1670,1567,1688,1609,1678,1384,1611,1748,1653,1649,1754,1433,1615,1507,1633,1376,1493,1569,1547,1653,1683,1538,1746,1326,1759,1768,1425,1586,1662,1466,1599,1465,1750,1570,1670,1729,1753,1510
12,4,1440,1495,1495,1645,1591,1647,1572,1689,1595,1685,1374,1613,1746,1651,1647,1753,1424,1616,1498,1614,1378,1480,1562,1558,1651,1665,1515,1748,1323,1760,1771,1421,1591,1638,1463,1607,1461,1755,1567,1683,1739,1750,1499
12,5,1437,1520,1497,1628,1590,1630,1583,1690,1582,1696,1374,1614,1746,1649,1627,1748,1419,1619,1488,1593,1381,1470,1553,1562,1646,1643,1492,1750,1317,1753,1776,1417,1597,1617,1459,1617,1457,1749,1568,1705,1759,1748,1489
12,6,1437,1536,1504,1611,1598,1618,1592,1690,1569,1720,1374,1619,1744,1644,1600,1744,1417,1625,1483,1574,1386,1463,1544,1558,1661,1623,1475,1776,1310,1747,1778,1419,1599,1597,1467,1623,1451,1745,1562,1721,1782,1745,1478
12,7,1432,1549,1516,1598,1604,1617,1594,1691,1560,1733,1373,1638,1736,1640,1591,1739,1409,1633,1487,1560,1393,1454,1534,1552,1658,1604,1463,1815,1302,1746,1776,1426,1603,1581,1469,1625,1449,1735,1548,1734,1790,1743,1468
12,8,1424,1557,1528,1583,1590,1634,1589,1703,1552,1742,1370,1657,1729,1641,1584,1733,1403,1635,1494,1551,1417,1442,1523,1542,1657,1586,1448,1829,1294,1748,1770,1449,1602,1535,1475,1620,1448,1725,1550,1736,1799,1739,1471
12,9,1418,1562,1546,1573,1579,1657,1576,1728,1534,1748,1369,1673,1725,1651,1586,1726,1392,1638,1491,1547,1435,1430,1513,1532,1653,1568,1442,1832,1290,1745,1764,1465,1600,1523,1473,1610,1457,1701,1566,1748,1811,1743,1478
12,10,1420,1567,1575,1563,1570,1678,1557,1743,1529,1754,1364,1683,1722,1662,1592,1722,1379,1637,1483,1542,1460,1419,1501,1520,1647,1549,1440,1829,1284,1741,1764,1472,1595,1507,1462,1594,1471,1681,1572,1746,1814,1753,1484
12,11,1440,1569,1613,1561,1567,1688,1535,1748,1527,1755,1359,1691,1720,1674,1606,1717,1366,1628,1475,1544,1483,1413,1491,1505,1636,1531,1436,1825,1282,1735,1754,1470,1594,1491,1444,1592,1475,1658,1585,1745,1824,1764,1489
12,12,1472,1564,1636,1562,1577,1691,1510,1750,1520,1753,1355,1693,1718,1686,1630,1711,1356,1615,1471,1564,1505,1424,1481,1491,1623,1513,1437,1821,1285,1727,1750,1465,1605,1485,1423,1589,1476,1635,1594,1737,1837,1770,1495
12,13,1481,1552,1640,1557,1601,1694,1487,1753,1509,1747,1350,1687,1717,1695,1652,1703,1345,1604,1474,1588,1520,1431,1473,1480,1609,1498,1447,1817,1296,1716,1747,1456,1617,1484,1403,1587,1473,1627,1611,1737,1853,1773,1508
12,14,1485,1539,1632,1548,1630,1694,1462,1754,1494,1738,1348,1676,1714,1698,1667,1695,1338,1588,1487,1601,1531,1435,1465,1472,1593,1486,1455,1818,1307,1714,1741,1452,1621,1489,1386,1586,1470,1626,1618,1734,1862,1772,1522
12,15,1481,1523,1622,1535,1645,1691,1441,1755,1481,1726,1350,1663,1708,1694,1678,1687,1329,1572,1493,1600,1547,1439,1456,1471,1581,1478,1456,1817,1317,1713,1737,1452,1624,1507,1373,1587,1466,1628,1628,1737,1867,1772,1535
12,16,1475,1506,1618,1522,1651,1686,1422,1752,1470,1719,1353,1649,1701,1684,1685,1678,1320,1552,1498,1588,1566,1446,1448,1468,1573,1474,1459,1814,1329,1714,1733,1464,1624,1520,1366,1600,1467,1628,1638,1722,1869,1772,1538
12,17,1469,1487,1617,1512,1652,1684,1402,1746,1462,1690,1357,1634,1692,1672,1686,1668,1312,1532,1503,1570,1587,1457,1438,1469,1570,1473,1475,1810,1336,1721,1730,1478,1623,1527,1362,1638,1467,1627,1650,1708,1872,1772,1535
12,18,1461,1466,1616,1505,1651,1682,1387,1738,1453,1677,1360,1617,1681,1651,1683,1661,1306,1515,1505,1550,1609,1471,1428,1472,1568,1478,1504,1812,1346,1725,1727,1483,1622,1531,1358,1688,1466,1623,1657,1664,1879,1771,1533
12,19,1452,1447,1612,1509,1645,1680,1375,1730,1444,1672,1364,1605,1671,1628,1678,1654,1300,1502,1503,1527,1630,1489,1420,1474,1578,1487,1537,1814,1365,1725,1725,1489,1620,1529,1356,1713,1467,1616,1653,1638,1889,1766,1532
12,20,1442,1430,1607,1523,1636,1680,1366,1719,1436,1679,1369,1601,1661,1607,1674,1649,1293,1496,1498,1502,1645,1521,1409,1472,1601,1502,1576,1816,1378,1722,1725,1513,1613,1523,1359,1734,1478,1608,1649,1626,1904,1756,1529
12,21,1440,1413,1600,1547,1625,1681,1361,1703,1424,1683,1373,1596,1647,1588,1677,1645,1289,1485,1488,1479,1657,1547,1399,1465,1623,1510,1610,1821,1386,1717,1724,1525,1604,1517,1366,1748,1493,1600,1655,1643,1915,1742,1523
12,22,1456,1404,1596,1562,1614,1682,1357,1685,1414,1686,1381,1591,1627,1571,1684,1639,1285,1475,1476,1458,1665,1560,1393,1458,1652,1514,1643,1824,1388,1707,1716,1534,1590,1505,1375,1768,1499,1599,1667,1640,1919,1723,1518
12,23,1469,1397,1593,1606,1596,1682,1355,1659,1406,1686,1389,1587,1608,1554,1689,1630,1281,1470,1463,1443,1670,1571,1393,1457,1693,1511,1676,1823,1388,1692,1724,1538,1572,1492,1376,1784,1495,1597,1686,1644,1918,1702,1511
12,24,1486,1390,1591,1635,1565,1676,1353,1630,1395,1690,1410,1582,1584,1534,1690,1626,1279,1470,1452,1435,1668,1583,1395,1446,1725,1506,1704,1821,1387,1681,1734,1549,1549,1485,1370,1796,1487,1591,1702,1662,1916,1681,1502
12,25,1503,1385,1591,1655,1552,1667,1349,1597,1382,1694,1405,1577,1563,1513,1688,1624,1277,1477,1442,1430,1663,1596,1396,1438,1747,1498,1725,1825,1385,1667,1740,1560,1524,1483,1362,1815,1477,1590,1717,1682,1906,1660,1493
12,26,1521,1378,1587,1672,1528,1652,1343,1566,1374,1696,1395,1572,1548,1490,1688,1618,1278,1481,1436,1426,1656,1598,1394,1431,1765,1494,1735,1830,1379,1659,1752,1576,1496,1485,1352,1825,1474,1589,1736,1700,1898,1632,1485
12,27,1537,1372,1584,1687,1507,1633,1337,1535,1366,1711,1393,1562,1528,1470,1690,1607,1281,1488,1422,1427,1648,1595,1388,1427,1783,1486,1741,1831,1374,1652,1760,1590,1469,1487,1342,1831,1478,1562,1758,1711,1888,1600,1480
12,28,1547,1366,1587,1696,1486,1609,1330,1513,1358,1715,1392,1550,1511,1452,1690,1589,1287,1498,1410,1431,1635,1585,1384,1425,1797,1477,1745,1825,1375,1650,1765,1600,1458,1490,1336,1839,1485,1569,1764,1718,1876,1576,1485
12,29,1558,1363,1593,1710,1468,1581,1327,1498,1349,1721,1392,1536,1497,1433,1690,1569,1293,1511,1399,1434,1619,1570,1386,1420,1801,1473,1751,1819,1379,1651,1778,1604,1450,1491,1335,1847,1493,1558,1766,1721,1864,1556,1492
12,30,1570,1370,1590,1726,1447,1557,1326,1499,1340,1722,1392,1516,1484,1418,1689,1546,1296,1525,1388,1435,1608,1551,1379,1413,1798,1479,1759,1821,1386,1648,1801,1599,1444,1488,1342,1854,1498,1533,1761,1729,1852,1526,1497
12,31,1586,1388,1562,1747,1433,1536,1324,1510,1330,1724,1390,1505,1468,1406,1688,1526,1295,1538,1383,1435,1598,1526,1390,1404,1789,1494,1761,1826,1388,1642,1818,1593,1443,1483,1349,1862,1498,1515,1756,1740,1837,1507,1495
