"Date","1980/1981","1981/1982","1982/1983","1983/1984","1984/1985","1985/1986","1986/1987","1987/1988","1988/1989","1989/1990","1990/1991","1991/1992","1992/1993","1993/1994","1994/1995","1995/1996","1996/1997","1997/1998","1998/1999","1999/2000","2000/2001","2001/2002","2002/2003","2003/2004","2004/2005","2005/2006","2006/2007","2007/2008","2008/2009","2009/2010","2010/2011","2011/2012","2012/2013","2013/2014","2014/2015","2015/2016","2016/2017","2017/2018","2018/2019","2019/2020","2020/2021","2021/2022","2022/2023"
"01-Jul",1257,1253,1436,1098,1331,1231,1339,1277,1328,1539,1439,1358,923,1383,1459,1299,1455,1342,1378,1469,1480,1351,1474,1386,1306,1300,1460,1409,1446,1502,1366,1486,1427,1447,1467,1435,1285,1362,1442,1504,1435,1586,1591
"02-Jul",1258,1255,1426,1096,1332,1232,1345,1276,1330,1540,1437,1361,919,1383,1459,1303,1456,1336,1380,1468,1479,1349,1476,1386,1306,1295,1459,1409,1444,1504,1364,1486,1425,1447,1471,1435,1285,1364,1446,1503,1436,1584,1589
"03-Jul",1259,1256,1425,1094,1332,1231,1351,1275,1333,1541,1435,1365,915,1383,1459,1305,1456,1330,1382,1466,1478,1347,1478,1385,1306,1291,1458,1408,1442,1505,1364,1485,1422,1446,1475,1433,1286,1365,1447,1502,1437,1583,1587
"04-Jul",1259,1258,1421,1092,1333,1230,1358,1273,1335,1543,1434,1368,913,1383,1459,1307,1456,1326,1384,1464,1477,1344,1480,1383,1304,1284,1457,1416,1441,1506,1363,1485,1417,1444,1479,1433,1287,1365,1448,1501,1439,1581,1585
"05-Jul",1256,1260,1415,1089,1333,1229,1366,1273,1336,1544,1433,1371,911,1382,1458,1307,1456,1320,1386,1462,1477,1342,1482,1381,1300,1277,1455,1415,1438,1506,1362,1485,1413,1440,1482,1433,1289,1366,1450,1500,1439,1579,1581
"06-Jul",1254,1262,1409,1085,1333,1227,1370,1271,1337,1544,1431,1377,909,1381,1457,1308,1456,1322,1388,1460,1477,1340,1484,1378,1297,1268,1453,1415,1436,1506,1361,1484,1409,1437,1484,1432,1290,1367,1451,1498,1443,1577,1578
"07-Jul",1254,1264,1404,1081,1333,1225,1375,1270,1338,1544,1431,1381,907,1380,1456,1308,1456,1316,1390,1460,1476,1337,1486,1376,1282,1258,1453,1415,1433,1506,1360,1482,1404,1432,1487,1431,1292,1367,1452,1497,1443,1575,1574
"08-Jul",1252,1265,1398,1077,1332,1223,1382,1268,1338,1543,1429,1382,904,1379,1454,1309,1456,1305,1390,1459,1475,1332,1487,1374,1279,1251,1452,1419,1429,1505,1359,1480,1396,1429,1491,1430,1292,1367,1453,1496,1443,1571,1571
"09-Jul",1252,1266,1391,1073,1331,1221,1387,1266,1338,1540,1428,1383,902,1378,1454,1309,1456,1298,1391,1457,1474,1325,1488,1371,1276,1245,1450,1420,1427,1505,1359,1478,1392,1421,1494,1428,1292,1368,1456,1494,1445,1567,1567
"10-Jul",1248,1265,1383,1069,1330,1218,1393,1263,1339,1537,1426,1386,899,1377,1450,1309,1456,1293,1395,1453,1473,1322,1490,1369,1272,1239,1447,1424,1427,1504,1360,1476,1390,1418,1497,1427,1292,1368,1459,1492,1446,1563,1564
"11-Jul",1244,1265,1378,1065,1329,1214,1398,1260,1340,1534,1424,1389,898,1375,1446,1308,1456,1290,1398,1449,1472,1320,1491,1367,1268,1234,1444,1424,1425,1502,1360,1473,1388,1413,1498,1426,1292,1368,1461,1491,1446,1559,1560
"12-Jul",1240,1264,1372,1061,1328,1211,1404,1257,1341,1532,1422,1394,897,1373,1444,1307,1453,1284,1398,1446,1470,1317,1492,1365,1265,1229,1441,1424,1420,1501,1359,1467,1386,1408,1501,1424,1296,1368,1462,1490,1446,1556,1555
"13-Jul",1236,1262,1366,1057,1328,1208,1408,1255,1342,1529,1420,1396,893,1371,1443,1307,1452,1279,1398,1444,1468,1313,1493,1362,1261,1222,1438,1427,1417,1500,1356,1462,1384,1400,1502,1422,1296,1369,1462,1486,1445,1552,1551
"14-Jul",1232,1260,1360,1053,1327,1205,1412,1255,1344,1526,1417,1398,891,1367,1441,1306,1452,1275,1398,1442,1466,1309,1494,1360,1257,1216,1434,1429,1414,1494,1353,1457,1383,1392,1505,1419,1296,1369,1463,1485,1443,1548,1547
"15-Jul",1228,1260,1355,1047,1326,1202,1416,1254,1345,1524,1415,1401,890,1364,1438,1305,1451,1271,1398,1439,1464,1305,1495,1358,1253,1210,1431,1429,1409,1492,1350,1453,1381,1387,1507,1416,1296,1369,1463,1483,1441,1545,1542
"16-Jul",1225,1258,1349,1042,1324,1199,1418,1252,1346,1521,1414,1405,890,1359,1435,1304,1449,1269,1390,1435,1462,1301,1496,1356,1249,1204,1429,1428,1405,1489,1350,1449,1380,1386,1507,1414,1296,1369,1463,1480,1440,1541,1537
"17-Jul",1221,1257,1344,1036,1323,1195,1422,1250,1347,1517,1413,1408,891,1355,1433,1304,1448,1267,1390,1431,1459,1295,1497,1354,1245,1197,1426,1427,1403,1485,1348,1445,1380,1379,1508,1411,1296,1368,1463,1478,1438,1537,1533
"18-Jul",1217,1255,1337,1030,1321,1191,1425,1248,1349,1516,1411,1410,892,1351,1429,1303,1441,1259,1388,1429,1457,1290,1497,1352,1241,1195,1422,1426,1402,1481,1346,1441,1379,1375,1508,1408,1296,1368,1461,1474,1435,1532,1528
"19-Jul",1213,1253,1332,1024,1319,1187,1427,1246,1350,1513,1409,1414,892,1346,1427,1300,1443,1252,1386,1425,1453,1287,1497,1350,1237,1194,1418,1426,1398,1478,1341,1432,1379,1369,1508,1406,1296,1368,1461,1471,1431,1528,1523
"20-Jul",1209,1249,1327,1019,1317,1182,1428,1245,1351,1510,1406,1417,892,1342,1425,1298,1438,1245,1384,1420,1448,1283,1496,1350,1232,1194,1414,1426,1393,1474,1337,1426,1379,1364,1507,1402,1296,1365,1460,1467,1428,1524,1518
"21-Jul",1205,1246,1322,1015,1315,1179,1430,1243,1352,1507,1405,1419,893,1337,1421,1296,1434,1238,1382,1417,1444,1279,1494,1347,1227,1190,1410,1425,1391,1469,1331,1421,1378,1361,1506,1399,1299,1363,1459,1464,1424,1519,1515
"22-Jul",1196,1244,1316,1008,1313,1177,1432,1240,1354,1504,1400,1419,893,1333,1418,1293,1429,1232,1379,1414,1442,1275,1493,1345,1221,1184,1408,1424,1387,1462,1328,1414,1378,1359,1506,1398,1302,1362,1457,1461,1419,1515,1510
"23-Jul",1197,1242,1310,1001,1311,1174,1432,1236,1355,1502,1395,1419,893,1328,1414,1291,1426,1227,1377,1409,1440,1271,1491,1342,1216,1180,1405,1423,1383,1459,1324,1408,1378,1355,1504,1394,1303,1360,1456,1457,1415,1512,1506
"24-Jul",1193,1239,1303,993,1309,1172,1433,1232,1356,1498,1389,1419,894,1323,1410,1288,1425,1218,1373,1404,1436,1268,1487,1339,1211,1177,1401,1420,1380,1454,1320,1402,1378,1351,1501,1391,1304,1358,1454,1453,1410,1507,1502
"25-Jul",1189,1237,1297,985,1307,1170,1433,1228,1356,1495,1385,1421,894,1318,1406,1284,1419,1211,1369,1400,1431,1265,1483,1336,1206,1175,1397,1418,1377,1449,1315,1396,1377,1345,1499,1388,1304,1356,1451,1447,1405,1502,1497
"26-Jul",1185,1235,1293,976,1305,1170,1432,1223,1357,1492,1381,1422,896,1315,1400,1280,1415,1202,1366,1396,1427,1261,1479,1334,1201,1172,1395,1415,1374,1446,1309,1386,1376,1341,1496,1387,1303,1354,1451,1443,1400,1497,1493
"27-Jul",1179,1233,1288,966,1302,1168,1431,1218,1357,1488,1377,1422,897,1311,1396,1276,1411,1200,1363,1392,1423,1258,1475,1332,1195,1171,1393,1412,1371,1441,1306,1374,1375,1337,1492,1385,1301,1349,1449,1437,1393,1493,1486
"28-Jul",1175,1230,1282,958,1299,1167,1429,1212,1357,1485,1373,1422,898,1306,1392,1275,1410,1196,1359,1388,1420,1256,1471,1330,1190,1169,1391,1404,1368,1432,1300,1363,1375,1333,1490,1382,1301,1347,1448,1433,1387,1489,1482
"29-Jul",1171,1228,1278,949,1297,1167,1427,1206,1358,1479,1368,1421,898,1301,1387,1269,1406,1193,1355,1383,1417,1254,1467,1327,1186,1165,1388,1393,1364,1429,1296,1354,1373,1328,1484,1381,1296,1343,1448,1427,1380,1485,1480
"30-Jul",1167,1225,1272,937,1294,1167,1423,1204,1358,1475,1364,1421,900,1295,1382,1265,1403,1189,1352,1378,1412,1250,1462,1323,1183,1162,1386,1383,1361,1426,1288,1344,1367,1323,1479,1380,1295,1338,1447,1423,1373,1480,1475
"31-Jul",1163,1222,1267,926,1292,1168,1421,1204,1359,1471,1358,1419,902,1291,1376,1259,1401,1185,1349,1372,1408,1245,1456,1320,1181,1159,1383,1379,1354,1421,1286,1336,1360,1318,1473,1378,1294,1334,1446,1415,1367,1475,1472
"01-Aug",1157,1220,1262,916,1291,1169,1419,1198,1359,1466,1355,1416,904,1287,1369,1255,1401,1180,1345,1366,1402,1240,1450,1317,1179,1155,1380,1377,1351,1415,1275,1326,1353,1313,1465,1376,1293,1329,1443,1409,1360,1471,1468
"02-Aug",1151,1217,1254,908,1290,1170,1413,1192,1358,1462,1351,1414,906,1281,1361,1250,1396,1176,1343,1361,1397,1235,1443,1313,1177,1150,1378,1373,1346,1407,1269,1315,1348,1309,1459,1374,1292,1324,1441,1403,1353,1467,1464
"03-Aug",1145,1213,1248,899,1288,1172,1409,1185,1357,1458,1346,1411,910,1277,1353,1246,1394,1172,1341,1356,1392,1231,1435,1311,1175,1139,1376,1367,1342,1400,1258,1307,1342,1305,1453,1371,1291,1320,1439,1397,1347,1463,1460
"04-Aug",1138,1209,1241,884,1285,1173,1404,1178,1357,1454,1340,1409,913,1272,1346,1241,1392,1170,1337,1351,1385,1227,1428,1308,1173,1132,1371,1359,1337,1393,1250,1299,1337,1308,1448,1368,1290,1316,1436,1395,1341,1459,1457
"05-Aug",1131,1204,1231,869,1281,1173,1400,1171,1355,1448,1336,1407,915,1266,1338,1234,1390,1170,1332,1347,1379,1222,1422,1304,1171,1124,1367,1353,1332,1383,1241,1292,1333,1302,1442,1365,1289,1311,1433,1389,1335,1454,1453
"06-Aug",1125,1200,1221,859,1279,1173,1395,1163,1353,1444,1327,1404,917,1261,1331,1228,1380,1170,1323,1343,1374,1214,1414,1303,1169,1117,1365,1345,1325,1377,1230,1287,1330,1295,1435,1361,1287,1305,1430,1383,1329,1449,1449
"07-Aug",1118,1195,1215,849,1276,1173,1388,1157,1353,1438,1321,1402,918,1255,1326,1223,1383,1170,1316,1341,1369,1209,1405,1297,1167,1106,1362,1336,1321,1368,1224,1282,1328,1291,1428,1358,1284,1300,1427,1377,1323,1444,1445
"08-Aug",1111,1188,1210,838,1274,1172,1382,1148,1350,1434,1315,1399,920,1249,1322,1218,1375,1167,1309,1337,1364,1204,1395,1293,1165,1097,1356,1326,1315,1360,1214,1275,1326,1285,1422,1353,1280,1291,1424,1371,1317,1441,1440
"09-Aug",1104,1182,1205,827,1271,1170,1374,1138,1347,1428,1310,1395,921,1242,1315,1211,1371,1164,1299,1333,1357,1200,1389,1290,1163,1088,1351,1317,1309,1353,1206,1268,1322,1281,1413,1347,1279,1282,1420,1366,1309,1438,1435
"10-Aug",1096,1176,1199,816,1268,1168,1368,1129,1343,1422,1305,1389,921,1234,1305,1203,1363,1159,1289,1331,1352,1195,1381,1288,1161,1079,1346,1307,1303,1344,1197,1263,1316,1276,1406,1342,1276,1277,1417,1359,1303,1433,1430
"11-Aug",1087,1169,1193,805,1264,1169,1360,1120,1340,1415,1300,1385,922,1228,1296,1195,1359,1155,1282,1329,1346,1191,1372,1286,1159,1068,1339,1296,1297,1337,1188,1255,1311,1271,1402,1337,1271,1269,1414,1355,1295,1429,1425
"12-Aug",1076,1160,1187,798,1261,1169,1352,1109,1338,1408,1294,1379,924,1222,1291,1188,1355,1149,1277,1327,1343,1187,1365,1283,1157,1059,1333,1292,1291,1329,1179,1245,1307,1267,1393,1331,1267,1264,1410,1351,1288,1426,1420
"13-Aug",1065,1151,1181,792,1257,1166,1344,1099,1336,1400,1287,1376,924,1214,1285,1179,1353,1145,1272,1325,1339,1183,1356,1279,1155,1049,1324,1282,1285,1321,1171,1235,1301,1259,1387,1324,1263,1259,1407,1345,1278,1423,1415
"14-Aug",1054,1142,1176,786,1251,1164,1335,1092,1333,1390,1281,1372,924,1205,1279,1169,1349,1141,1259,1323,1335,1176,1350,1275,1153,1038,1318,1272,1277,1312,1164,1225,1290,1253,1378,1318,1256,1251,1402,1341,1269,1418,1409
"15-Aug",1043,1132,1174,781,1244,1160,1326,1083,1328,1382,1274,1367,924,1194,1273,1158,1339,1138,1240,1321,1331,1169,1343,1271,1151,1028,1308,1263,1271,1304,1155,1216,1279,1243,1373,1312,1251,1238,1397,1337,1260,1414,1404
"16-Aug",1031,1122,1172,777,1238,1158,1318,1075,1319,1373,1266,1363,924,1185,1267,1148,1337,1133,1226,1319,1325,1165,1335,1266,1149,1018,1301,1253,1264,1296,1144,1210,1272,1237,1368,1305,1245,1229,1392,1333,1251,1409,1399
"17-Aug",1021,1112,1169,773,1232,1156,1309,1066,1310,1365,1259,1358,924,1175,1261,1137,1335,1129,1218,1317,1321,1161,1326,1261,1147,1008,1295,1243,1257,1291,1134,1204,1267,1233,1362,1297,1235,1218,1386,1327,1241,1405,1391
"18-Aug",1010,1101,1165,770,1226,1155,1299,1058,1302,1355,1253,1353,924,1167,1256,1121,1331,1125,1208,1315,1317,1155,1319,1257,1145,999,1289,1235,1248,1282,1124,1194,1259,1229,1354,1291,1227,1209,1381,1321,1232,1400,1384
"19-Aug",1000,1091,1159,767,1220,1153,1292,1050,1295,1346,1247,1348,922,1159,1252,1110,1329,1119,1192,1313,1313,1149,1312,1253,1143,991,1276,1226,1239,1272,1115,1182,1250,1221,1347,1283,1220,1196,1375,1316,1223,1392,1378
"20-Aug",989,1081,1152,764,1213,1152,1283,1042,1288,1338,1241,1342,922,1148,1247,1098,1317,1114,1177,1311,1309,1144,1305,1248,1141,981,1266,1217,1230,1264,1106,1168,1240,1216,1339,1278,1210,1184,1368,1308,1214,1386,1370
"21-Aug",977,1072,1144,762,1206,1150,1272,1034,1279,1330,1235,1336,922,1138,1241,1084,1314,1097,1164,1309,1303,1138,1298,1240,1138,972,1256,1209,1219,1255,1094,1155,1229,1211,1333,1267,1199,1174,1360,1302,1204,1381,1363
"22-Aug",967,1062,1138,762,1199,1150,1261,1026,1269,1322,1229,1329,921,1128,1236,1071,1310,1080,1148,1307,1297,1132,1291,1233,1134,964,1248,1199,1212,1248,1084,1143,1218,1207,1328,1258,1190,1161,1353,1295,1195,1375,1358
"23-Aug",957,1056,1132,762,1193,1149,1250,1018,1257,1313,1223,1322,921,1119,1232,1059,1298,1062,1135,1305,1292,1125,1284,1225,1130,956,1238,1190,1200,1242,1074,1130,1207,1200,1319,1249,1176,1144,1344,1290,1184,1369,1347
"24-Aug",946,1052,1126,763,1187,1149,1239,1010,1248,1304,1217,1315,920,1110,1229,1049,1296,1052,1125,1303,1285,1120,1276,1218,1126,948,1226,1181,1193,1233,1063,1119,1190,1197,1311,1242,1166,1132,1334,1285,1174,1362,1337
"25-Aug",936,1046,1119,764,1179,1148,1228,995,1240,1294,1208,1307,919,1100,1226,1036,1290,1045,1114,1301,1279,1111,1269,1210,1122,943,1213,1174,1183,1226,1055,1107,1171,1191,1306,1236,1153,1115,1324,1277,1165,1354,1327
"26-Aug",926,1038,1112,766,1171,1145,1216,987,1231,1283,1201,1298,919,1090,1221,1020,1285,1045,1103,1295,1272,1105,1260,1203,1116,936,1201,1166,1173,1221,1046,1095,1150,1187,1301,1229,1143,1100,1314,1272,1155,1349,1317
"27-Aug",916,1030,1103,768,1164,1142,1204,977,1225,1273,1192,1288,918,1083,1215,1001,1281,1042,1089,1289,1265,1093,1252,1196,1111,929,1189,1159,1163,1210,1040,1085,1138,1181,1295,1221,1133,1080,1304,1265,1145,1341,1307
"28-Aug",906,1022,1094,769,1158,1141,1191,975,1218,1263,1185,1279,916,1073,1211,986,1277,1039,1074,1285,1255,1084,1242,1189,1107,924,1178,1152,1152,1202,1028,1074,1124,1176,1287,1213,1117,1060,1295,1260,1136,1335,1297
"29-Aug",896,1014,1084,770,1152,1140,1179,969,1211,1256,1177,1273,913,1064,1207,973,1273,1034,1060,1278,1248,1075,1234,1184,1105,917,1167,1146,1143,1194,1020,1059,1115,1173,1279,1206,1103,1042,1281,1255,1125,1329,1288
"30-Aug",886,1007,1077,771,1146,1137,1167,965,1201,1248,1167,1266,909,1054,1203,961,1269,1028,1046,1274,1240,1064,1225,1176,1103,911,1153,1139,1130,1188,1013,1040,1109,1170,1274,1199,1093,1025,1272,1245,1113,1322,1278
"31-Aug",876,1000,1067,772,1137,1134,1153,960,1190,1238,1158,1258,905,1046,1197,946,1261,1021,1032,1267,1229,1053,1218,1169,1095,904,1147,1131,1122,1178,1000,1027,1101,1165,1260,1194,1079,1003,1259,1240,1099,1315,1272
"01-Sep",864,993,1058,773,1126,1132,1140,956,1174,1229,1145,1250,901,1036,1193,933,1248,1011,1017,1261,1221,1045,1208,1161,1085,897,1141,1119,1111,1168,991,1014,1088,1161,1254,1189,1061,982,1246,1234,1087,1307,1256
"02-Sep",849,986,1050,773,1116,1130,1126,952,1156,1220,1136,1243,895,1027,1189,920,1237,999,1003,1254,1210,1034,1200,1152,1077,893,1129,1112,1100,1158,980,999,1075,1157,1246,1180,1046,963,1236,1226,1073,1300,1243
"03-Sep",837,978,1041,773,1109,1128,1113,948,1140,1211,1125,1234,886,1020,1185,908,1227,987,988,1246,1194,1026,1192,1141,1065,887,1117,1106,1090,1148,968,980,1061,1150,1238,1171,1031,941,1224,1220,1057,1293,1232
"04-Sep",825,970,1031,773,1101,1125,1101,943,1128,1205,1114,1226,878,1012,1181,894,1217,985,973,1235,1184,1015,1184,1130,1057,879,1105,1097,1080,1138,959,961,1049,1145,1229,1163,1017,921,1211,1208,1042,1284,1221
"05-Sep",813,962,1020,772,1096,1119,1089,938,1117,1199,1100,1217,870,1002,1175,881,1208,979,963,1228,1176,1002,1175,1120,1050,874,1095,1093,1069,1123,950,942,1035,1137,1219,1157,1001,900,1200,1196,1025,1276,1210
"06-Sep",801,954,1009,771,1087,1113,1076,932,1107,1188,1090,1208,864,992,1171,871,1199,965,945,1218,1164,991,1165,1112,1046,867,1082,1085,1061,1112,937,920,1020,1133,1209,1150,988,882,1189,1186,1009,1267,1200
"07-Sep",789,947,998,770,1082,1109,1061,926,1091,1178,1077,1200,855,981,1166,858,1188,950,925,1210,1153,980,1156,1107,1041,860,1059,1075,1049,1100,924,901,1007,1127,1201,1140,971,860,1178,1184,992,1258,1189
"08-Sep",777,939,988,770,1076,1106,1047,920,1078,1162,1064,1188,846,972,1162,843,1179,936,907,1199,1143,968,1146,1099,1036,854,1047,1067,1036,1089,913,881,990,1122,1192,1132,957,840,1165,1160,976,1249,1178
"09-Sep",767,932,978,768,1070,1102,1034,912,1068,1155,1056,1177,838,962,1156,830,1173,920,892,1189,1133,958,1136,1091,1025,846,1035,1058,1023,1071,900,860,975,1118,1182,1122,940,821,1157,1150,959,1240,1169
"10-Sep",763,926,967,766,1062,1095,1020,906,1058,1145,1046,1165,826,952,1151,809,1165,905,880,1177,1122,948,1125,1081,1014,836,1022,1044,1013,1058,880,839,959,1113,1172,1112,925,806,1146,1142,943,1232,1159
"11-Sep",759,917,955,765,1055,1088,1005,900,1048,1134,1027,1157,817,942,1145,788,1152,891,876,1164,1112,936,1115,1071,1001,827,1011,1037,1000,1042,860,819,947,1109,1163,1100,908,791,1136,1120,925,1222,1150
"12-Sep",755,910,943,763,1048,1080,991,895,1035,1119,1011,1148,806,933,1142,772,1143,878,872,1153,1100,921,1104,1061,979,816,999,1029,988,1028,846,790,932,1103,1152,1090,897,777,1126,1108,908,1213,1140
"13-Sep",751,904,930,759,1042,1075,979,888,1023,1106,999,1133,793,923,1138,757,1133,860,857,1141,1088,914,1093,1051,965,804,987,1018,971,1013,838,771,917,1097,1138,1078,880,761,1119,1092,892,1203,1130
"14-Sep",749,897,917,756,1035,1069,964,882,1011,1089,986,1118,784,913,1132,738,1122,839,843,1128,1078,906,1082,1041,956,791,972,1009,957,1000,820,750,902,1091,1127,1069,864,747,1111,1076,874,1190,1121
"15-Sep",745,890,904,753,1026,1062,951,873,994,1065,972,1104,776,904,1126,720,1112,822,821,1114,1069,894,1070,1031,945,779,961,997,945,982,803,731,884,1085,1117,1058,853,732,1103,1056,856,1180,1112
"16-Sep",739,882,893,750,1015,1055,937,866,977,1028,956,1090,768,897,1119,703,1103,684,813,1101,1060,885,1058,1020,935,767,947,988,930,967,786,713,871,1077,1106,1047,840,720,1096,1040,839,1168,1104
"17-Sep",733,874,879,746,1005,1051,922,858,965,993,943,1071,755,890,1111,688,1093,548,797,1090,1050,876,1043,1009,926,754,939,972,912,948,773,690,857,1070,1092,1033,822,708,1089,1024,820,1158,1092
"18-Sep",727,866,865,743,995,1046,907,845,956,961,932,1055,742,884,1104,672,1086,530,778,1071,1038,864,1031,996,916,741,928,962,898,929,764,670,841,1062,1078,1020,808,694,1082,1010,800,1148,1083
"19-Sep",719,859,852,740,986,1041,894,833,951,928,918,1036,727,878,1095,656,1077,516,763,1058,1028,853,1015,985,905,729,911,950,883,912,752,649,826,1053,1063,1006,796,680,1074,994,782,1136,1073
"20-Sep",713,852,843,738,978,1035,882,820,948,913,904,1020,713,872,1087,642,1069,501,746,1039,1018,844,1000,976,895,718,895,938,870,899,744,630,811,1045,1052,991,785,669,1067,978,762,1123,1062
"21-Sep",708,844,833,736,971,1029,869,809,946,893,880,1003,701,866,1078,632,1064,494,738,1021,1007,835,984,965,888,705,883,923,858,886,729,614,796,1039,1028,973,772,658,1060,958,742,1111,1051
"22-Sep",704,837,824,734,958,1024,858,797,941,878,870,990,687,860,1068,621,1058,481,728,1001,994,828,969,956,882,693,873,912,838,871,719,600,780,1029,1018,958,762,645,1051,940,723,1098,1040
"23-Sep",699,831,816,729,955,1017,846,786,928,862,855,974,678,856,1060,611,1046,471,717,980,983,821,953,946,876,681,855,900,826,851,707,590,768,1023,1009,940,752,635,1043,921,702,1084,1027
"24-Sep",694,824,808,723,947,1007,836,774,918,852,848,955,671,851,1050,602,1034,460,710,960,974,817,937,930,866,668,844,890,817,835,695,580,754,1012,991,923,743,625,1035,902,685,1071,1016
"25-Sep",689,814,798,717,940,997,826,763,902,840,837,943,659,846,1039,595,1027,440,706,944,963,812,921,916,856,663,832,880,806,817,684,569,739,1004,976,904,737,615,1031,878,671,1059,1002
"26-Sep",682,807,787,711,933,987,818,753,887,824,822,922,649,841,1028,588,1019,424,700,932,954,804,905,907,844,655,821,868,790,803,674,558,725,992,958,881,730,606,1016,858,657,1046,989
"27-Sep",676,800,776,705,926,977,808,742,872,808,810,906,638,836,1018,582,1013,406,694,921,943,795,890,895,837,647,810,859,775,786,664,549,711,980,944,862,725,596,1006,842,643,1033,974
"28-Sep",669,795,764,699,918,967,797,730,860,791,795,889,630,832,1006,576,1005,392,686,906,935,786,872,883,833,636,798,848,763,766,654,545,691,972,927,841,717,590,993,823,630,1022,959
"29-Sep",664,789,750,693,910,957,787,722,848,775,780,873,621,826,995,572,994,385,679,887,924,775,851,877,829,632,789,836,750,749,643,541,677,959,915,818,707,585,982,805,616,1009,943
"30-Sep",660,783,735,687,900,944,783,713,834,862,765,858,613,819,985,568,986,373,672,879,909,765,835,866,824,625,778,824,744,729,635,539,664,951,900,791,697,583,970,778,604,999,929
"01-Oct",655,782,722,681,890,930,778,704,822,853,750,844,604,812,975,564,978,364,664,860,898,756,816,855,819,618,769,821,739,704,627,537,650,941,880,769,693,584,957,758,592,990,919
"02-Oct",655,771,710,675,882,917,772,694,811,845,732,829,597,804,964,559,971,355,658,840,889,747,800,845,814,609,759,807,733,680,618,535,637,924,863,744,686,584,937,744,582,978,899
"03-Oct",653,765,698,669,872,904,767,687,800,835,721,808,590,794,951,553,963,345,648,818,879,736,777,835,807,600,745,795,729,658,608,534,618,912,840,714,678,577,922,730,570,968,883
"04-Oct",651,759,685,663,866,893,762,681,796,824,705,778,581,786,939,548,952,337,639,807,869,724,757,826,796,592,734,786,724,639,600,532,601,905,823,688,669,570,906,713,560,958,869
"05-Oct",650,753,670,657,858,882,757,677,777,813,693,755,572,775,928,544,940,326,629,797,862,712,738,815,788,580,722,782,717,621,590,532,593,890,808,658,660,566,876,704,552,948,849
"06-Oct",649,747,658,651,850,869,753,675,768,806,677,746,567,765,918,540,928,315,622,788,855,700,716,801,782,572,711,772,711,604,580,533,585,873,794,623,649,564,860,685,546,939,830
"07-Oct",648,740,643,645,841,855,749,673,761,802,661,737,560,754,900,533,919,305,614,783,846,691,697,790,773,565,694,766,707,589,568,533,575,863,780,587,640,562,850,662,540,930,811
"08-Oct",647,732,630,638,830,843,747,671,754,799,644,718,553,742,891,527,913,302,601,777,841,681,676,779,761,556,682,759,704,571,552,534,565,849,760,551,631,560,829,646,535,921,791
"09-Oct",646,724,615,628,817,830,743,669,747,797,628,700,545,732,885,523,905,302,594,772,838,671,656,771,753,546,669,751,700,557,544,534,560,839,741,520,621,560,812,630,531,911,770
"10-Oct",646,716,601,616,805,816,743,666,742,794,612,683,534,715,867,517,893,296,587,768,838,660,632,765,747,538,656,746,696,539,531,535,556,829,727,476,614,559,778,617,527,901,750
"11-Oct",646,709,589,604,795,804,747,664,739,790,597,659,525,699,856,509,884,294,577,766,838,644,611,756,738,531,644,741,691,525,513,538,551,817,706,440,606,559,760,609,523,890,729
"12-Oct",643,703,578,593,786,792,752,661,735,786,585,643,514,684,848,498,873,292,573,764,838,629,591,745,729,524,629,737,687,513,501,540,550,807,693,379,597,559,740,603,521,880,707
"13-Oct",640,697,566,583,777,780,750,661,730,782,570,630,501,671,840,486,863,288,571,762,837,615,571,738,725,516,615,732,684,507,488,542,550,794,682,370,587,560,718,585,521,869,687
"14-Oct",637,692,553,573,768,768,750,660,726,780,549,615,491,656,833,473,855,287,569,760,835,602,550,732,722,506,603,722,681,500,475,544,546,783,672,344,581,560,711,565,521,858,669
"15-Oct",635,686,543,563,753,756,750,659,721,783,534,600,480,642,829,465,844,285,569,755,834,586,529,726,722,497,592,717,676,489,460,546,542,773,659,317,577,563,702,553,523,847,649
"16-Oct",633,680,533,553,750,745,751,658,716,789,529,583,470,628,825,449,830,284,564,750,832,573,512,719,721,490,579,713,672,480,447,546,540,760,641,289,572,567,695,543,524,836,629
"17-Oct",630,674,524,544,742,738,753,557,710,797,524,565,460,616,820,439,819,282,557,757,830,561,489,711,722,481,565,709,669,475,435,546,538,748,627,273,565,570,690,533,525,824,614
"18-Oct",627,669,516,536,735,728,758,656,703,803,522,542,451,607,817,431,812,277,550,763,828,548,475,703,723,477,555,702,668,471,423,547,536,731,617,261,560,572,685,512,528,814,599
"19-Oct",623,662,507,528,731,718,763,654,696,805,517,510,440,599,815,425,801,274,546,770,824,533,457,694,725,474,544,696,668,467,411,549,536,716,610,254,558,575,676,492,529,804,584
"20-Oct",621,652,500,520,727,712,770,652,691,807,512,486,433,594,813,421,788,273,538,777,818,516,447,684,722,469,535,688,668,465,399,552,536,705,608,251,555,579,675,483,530,795,575
"21-Oct",619,641,492,513,722,706,778,650,685,810,505,471,428,592,812,415,778,270,533,765,814,499,434,673,715,466,524,683,668,463,395,554,534,691,606,249,553,580,667,483,530,790,565
"22-Oct",618,631,484,505,717,700,785,647,680,813,496,462,423,592,810,413,761,268,529,761,803,484,423,669,706,459,516,679,668,461,390,556,531,671,605,249,553,582,665,483,528,782,554
"23-Oct",617,620,476,500,709,694,793,645,675,814,491,456,421,594,806,411,750,268,522,758,793,473,415,667,698,457,510,677,671,460,388,559,527,656,605,252,553,584,653,470,528,774,547
"24-Oct",617,609,468,495,704,689,803,642,673,815,486,447,418,596,800,408,734,268,520,755,783,459,410,664,691,456,508,675,673,459,388,564,523,648,609,256,553,586,637,463,526,766,540
"25-Oct",616,597,461,491,700,686,811,638,669,815,482,435,416,601,794,405,720,268,512,752,775,450,405,662,683,451,506,668,674,457,388,568,519,639,618,264,553,586,617,453,521,761,538
"26-Oct",615,584,454,487,697,683,816,633,667,816,476,422,415,605,789,401,707,268,505,750,763,439,400,660,676,449,506,671,674,456,389,572,515,629,624,271,553,587,608,443,516,756,536
"27-Oct",615,568,450,483,693,680,822,624,666,821,470,413,414,609,783,396,694,268,502,745,752,430,396,659,667,447,506,668,674,455,391,575,513,620,629,280,553,587,597,433,511,754,538
"28-Oct",615,552,448,480,690,679,826,616,665,819,464,406,412,613,774,392,679,268,497,736,743,421,395,656,660,442,506,663,676,454,391,576,511,614,634,314,552,585,594,416,504,751,538
"29-Oct",614,538,446,477,689,678,828,606,664,810,461,399,411,615,765,388,668,268,489,724,734,418,395,652,654,439,503,662,677,454,392,578,510,607,639,314,550,581,583,417,497,747,539
"30-Oct",612,528,446,475,688,678,834,596,661,804,461,392,408,620,755,385,652,270,478,713,723,416,403,648,646,437,496,661,677,454,394,580,512,597,642,318,549,578,569,418,491,743,543
"31-Oct",610,520,448,471,687,676,838,586,655,802,461,386,403,621,743,386,644,274,471,699,715,414,412,641,640,435,490,660,680,456,397,584,514,591,646,322,548,576,558,713,490,741,545
"01-Nov",608,512,449,469,687,674,840,574,651,802,463,380,398,623,729,384,640,277,461,689,704,410,420,636,634,430,487,660,680,459,403,587,511,584,650,325,545,576,548,713,486,740,545
"02-Nov",608,504,451,468,684,670,842,560,646,803,465,376,392,623,714,381,635,277,455,683,696,409,431,632,625,425,482,658,678,464,407,587,508,574,653,328,542,576,538,706,482,739,547
"03-Nov",608,496,452,469,682,665,846,551,640,801,466,375,387,626,701,380,628,276,446,678,691,410,439,626,617,424,475,657,667,465,411,586,504,571,659,330,540,569,532,697,478,739,549
"04-Nov",608,488,454,471,680,659,848,541,635,801,466,377,381,627,687,380,623,277,436,672,685,415,448,618,613,424,464,656,665,464,415,585,498,565,660,330,539,568,523,693,474,742,553
"05-Nov",609,479,454,476,679,653,852,532,629,806,467,383,373,627,673,376,617,280,428,661,678,419,458,613,609,424,464,655,664,464,415,584,495,561,664,331,539,566,514,687,472,742,557
"06-Nov",610,468,454,482,678,648,855,523,623,809,469,389,365,628,658,374,611,282,422,648,672,424,468,606,604,424,464,655,663,464,415,583,489,552,668,335,538,564,508,682,473,742,561
"07-Nov",612,458,452,487,680,645,857,517,618,812,471,395,352,629,644,373,607,284,417,642,667,430,481,598,597,426,466,655,662,465,414,582,483,548,668,331,538,561,503,675,473,744,566
"08-Nov",613,448,450,491,682,643,860,511,615,813,473,396,346,629,628,375,600,286,413,632,661,437,488,596,588,428,469,654,660,468,411,579,471,547,668,328,538,557,497,667,475,745,573
"09-Nov",612,441,450,495,684,640,863,507,613,815,473,397,339,631,612,379,593,288,413,615,655,444,501,594,579,431,469,652,659,468,407,577,458,541,666,325,538,553,491,659,479,746,580
"10-Nov",612,434,448,499,687,638,867,503,612,817,473,398,331,634,597,388,589,298,413,598,651,450,511,596,571,435,469,643,658,468,403,575,451,539,666,324,538,552,482,655,483,745,588
"11-Nov",610,426,447,504,688,636,869,498,609,819,470,398,329,638,583,397,585,294,418,583,646,452,516,598,563,438,467,635,657,462,399,576,446,538,662,323,535,552,477,649,489,744,596
"12-Nov",607,419,445,509,690,633,870,491,608,822,467,398,328,642,569,407,582,290,426,568,636,452,520,600,555,442,465,632,657,453,398,576,439,538,659,327,531,554,470,646,496,743,607
"13-Nov",605,413,444,513,692,630,870,485,602,826,465,398,329,649,554,417,580,288,433,553,632,452,525,603,549,447,463,630,657,443,399,577,434,538,654,330,529,554,464,644,506,742,618
"14-Nov",602,406,441,517,694,625,872,479,597,834,461,395,334,657,540,427,583,286,438,538,627,452,532,605,546,451,460,628,662,434,406,577,428,544,651,334,527,554,455,646,514,740,628
"15-Nov",599,402,438,521,694,619,871,470,595,837,454,391,341,665,527,436,588,284,443,529,623,452,540,607,543,457,460,622,662,424,414,575,418,554,647,340,524,550,446,649,524,740,637
"16-Nov",597,398,436,525,695,616,870,463,600,841,448,386,350,672,516,445,585,282,447,521,620,451,549,609,539,464,460,613,662,418,422,575,415,566,641,346,522,547,439,652,534,740,646
"17-Nov",595,394,434,528,696,611,868,455,609,845,443,382,360,681,506,453,579,282,451,511,617,449,556,609,535,472,461,601,661,413,430,577,410,571,637,351,520,544,431,656,544,742,655
"18-Nov",592,382,432,529,694,605,865,449,615,848,435,376,369,689,499,464,581,282,455,501,616,447,564,609,531,477,463,586,661,409,436,580,405,582,632,356,516,541,424,664,552,745,662
"19-Nov",592,379,430,530,692,598,864,445,619,850,427,370,378,697,490,475,582,282,457,488,614,445,572,606,526,482,466,572,661,400,446,580,399,596,627,361,511,537,419,671,558,747,670
"20-Nov",592,377,427,530,689,591,870,442,622,850,420,364,388,709,482,488,584,284,458,478,611,442,578,600,522,488,479,559,655,385,457,580,392,603,624,363,503,535,406,680,567,754,675
"21-Nov",592,378,425,529,685,584,868,441,624,851,420,358,396,719,478,499,586,287,458,468,611,439,590,595,517,496,494,551,660,368,465,581,387,610,625,365,497,532,418,698,574,761,678
"22-Nov",591,380,424,528,681,578,865,441,628,849,416,353,402,731,475,509,588,291,458,458,607,434,593,587,513,504,507,545,668,345,475,585,383,617,627,365,492,527,428,698,579,764,678
"23-Nov",591,382,423,526,677,574,866,439,633,846,413,346,409,743,470,518,592,295,452,450,605,430,597,582,507,512,520,537,655,326,486,589,380,621,630,360,491,523,438,707,586,767,678
"24-Nov",594,386,423,524,673,572,866,435,637,843,417,342,415,753,466,525,595,297,449,442,602,424,602,577,497,521,536,530,657,308,496,593,379,625,637,358,489,519,446,716,592,769,678
"25-Nov",599,388,427,522,667,569,866,432,640,840,419,338,422,763,461,534,602,300,448,437,598,417,606,570,486,527,553,529,655,297,506,596,378,629,641,357,483,518,454,720,595,773,677
"26-Nov",602,390,432,518,663,570,865,431,642,836,422,336,428,774,457,542,607,304,448,429,596,410,608,564,479,539,569,530,655,291,516,598,379,635,645,355,480,518,463,725,597,778,673
"27-Nov",604,393,437,512,657,574,864,431,645,832,427,335,434,780,456,548,610,308,454,421,594,396,611,559,478,545,590,532,660,285,526,599,380,640,649,355,476,518,473,725,598,783,669
"28-Nov",607,395,441,506,653,577,863,433,652,827,433,334,437,789,456,557,618,313,462,417,592,384,612,554,478,552,610,532,664,278,533,599,380,644,653,355,469,517,483,725,601,787,666
"29-Nov",609,398,447,500,649,580,863,436,661,822,439,335,442,800,457,563,622,320,468,413,591,369,615,548,478,558,618,533,668,272,542,601,380,649,659,354,462,513,496,725,604,791,662
"30-Nov",611,398,452,494,641,586,865,440,671,816,447,352,446,810,460,574,628,333,474,436,589,356,615,544,481,564,626,537,672,264,550,606,377,657,663,355,457,509,506,594,608,797,662
"01-Dec",614,396,456,490,637,590,865,445,682,809,458,354,450,820,466,578,633,344,481,441,587,345,611,539,487,570,631,538,676,260,556,611,378,664,664,356,454,503,521,599,614,803,660
"02-Dec",617,394,461,487,633,596,865,450,693,800,469,357,454,829,472,581,637,348,494,447,586,337,608,535,494,578,635,536,678,255,562,615,377,669,664,356,454,498,542,606,620,807,659
"03-Dec",620,390,467,485,629,604,869,456,704,793,483,358,457,837,483,583,641,348,505,451,584,329,606,531,500,583,639,536,683,251,568,619,373,674,664,358,457,492,558,608,626,812,663
"04-Dec",623,387,472,483,623,612,877,460,711,785,495,357,460,844,494,585,644,350,510,454,580,322,602,529,506,588,640,536,685,247,577,623,369,680,666,362,462,487,571,608,630,815,667
"05-Dec",625,385,476,480,617,618,880,464,718,774,514,355,466,849,506,587,647,350,517,457,577,316,598,527,510,593,641,539,690,243,583,625,367,685,666,362,467,482,586,607,634,819,672
"06-Dec",628,383,480,478,613,624,883,468,726,764,530,351,470,853,517,589,649,351,523,460,572,311,590,525,513,597,641,543,694,242,588,625,371,691,663,362,470,477,596,607,642,826,678
"07-Dec",632,381,487,476,607,632,886,462,734,753,544,347,477,857,530,591,651,352,528,459,566,310,587,520,515,602,640,546,698,240,592,625,376,697,659,361,473,470,608,603,648,831,684
"08-Dec",636,380,494,475,603,641,887,460,742,742,557,343,482,859,543,591,653,353,532,455,556,310,581,513,517,608,639,549,710,237,593,625,376,700,655,359,474,463,631,602,651,833,692
"09-Dec",637,378,502,474,600,651,888,462,749,732,571,339,486,859,554,593,655,354,534,451,549,315,577,505,519,617,639,553,716,237,595,623,376,706,650,353,474,457,638,595,654,837,701
"10-Dec",638,378,510,473,597,661,888,463,756,723,584,335,493,859,568,595,657,357,536,445,541,319,572,493,521,627,636,557,719,236,596,621,379,711,648,349,473,452,651,592,658,841,708
"11-Dec",638,377,517,473,594,673,889,465,762,714,595,331,502,858,578,596,659,354,538,439,529,323,566,485,522,634,635,561,724,235,596,619,385,713,647,347,470,447,661,585,662,847,714
"12-Dec",638,376,524,476,592,682,889,467,771,701,610,329,508,857,583,597,658,349,537,430,518,328,559,477,522,638,635,565,729,235,594,617,389,714,641,339,469,443,672,584,663,851,722
"13-Dec",636,375,530,482,590,692,887,470,778,688,624,327,515,854,589,598,658,351,534,421,508,340,555,471,532,642,638,568,738,238,591,615,393,711,637,332,467,439,683,584,666,856,726
"14-Dec",634,375,537,490,589,698,885,474,784,676,635,325,522,851,595,599,655,349,531,412,498,350,552,463,534,646,641,574,747,241,590,613,394,712,633,327,466,435,695,582,667,861,734
"15-Dec",632,375,543,498,588,704,881,476,790,664,648,326,530,849,601,603,654,346,526,405,490,361,551,457,535,651,640,577,757,247,587,611,394,712,628,323,466,432,702,581,668,867,738
"16-Dec",629,374,548,507,590,710,879,477,796,649,656,328,540,847,605,605,653,342,522,397,486,371,551,451,535,653,637,580,761,257,584,609,391,710,624,320,466,432,706,581,669,873,742
"17-Dec",624,376,555,518,594,716,874,480,803,636,668,330,548,845,608,607,651,339,520,392,486,383,555,443,535,655,634,580,772,272,582,607,383,708,619,315,466,432,721,586,670,880,745
"18-Dec",618,379,562,532,599,723,869,482,809,627,683,332,555,846,612,610,649,336,518,387,487,402,566,437,535,655,632,585,778,282,579,607,382,706,616,309,466,435,742,590,672,889,747
"19-Dec",612,381,569,545,602,727,865,481,814,619,691,333,566,847,616,614,646,332,514,385,494,420,578,429,535,655,630,587,778,295,577,607,383,704,615,303,467,440,744,596,676,897,749
"20-Dec",606,385,576,557,606,734,863,479,818,611,694,335,574,847,621,619,645,329,511,383,504,433,591,422,535,655,628,591,797,309,575,607,383,702,611,297,468,445,750,606,676,904,752
"21-Dec",600,390,582,567,610,735,859,476,822,602,696,339,582,846,625,624,643,325,506,381,511,444,602,414,537,655,626,602,806,331,572,606,383,702,608,295,470,451,755,616,678,912,753
"22-Dec",594,395,590,580,613,738,856,474,824,588,697,343,590,847,629,631,643,322,504,379,515,457,609,407,539,657,624,614,816,350,570,606,386,698,607,293,477,459,759,625,680,922,750
"23-Dec",588,398,594,590,619,739,850,472,826,578,699,347,600,846,632,637,642,318,504,379,522,469,612,397,541,659,622,625,825,363,570,605,395,698,607,293,486,467,763,636,682,932,744
"24-Dec",582,404,598,600,622,739,845,472,826,571,703,352,609,846,637,643,640,316,504,381,530,481,616,394,543,661,621,634,835,380,572,604,407,698,608,292,495,472,771,644,682,941,736
"25-Dec",577,415,602,610,626,738,842,475,826,563,705,358,617,845,640,649,638,314,502,387,536,491,621,392,545,663,621,642,845,396,574,603,411,700,610,292,512,479,775,651,689,947,744
"26-Dec",572,427,605,620,630,736,839,475,826,549,709,363,625,845,642,652,636,312,501,396,540,504,625,390,547,670,621,650,854,408,576,603,420,705,610,292,532,490,780,658,689,953,736
"27-Dec",565,439,609,625,636,735,838,475,823,536,711,369,631,845,645,657,634,316,501,407,537,515,629,390,549,678,620,661,863,421,578,605,426,711,610,290,551,495,784,664,697,959,732
"28-Dec",559,451,613,632,643,736,837,480,819,526,713,375,636,845,648,662,632,325,501,421,535,527,634,394,551,687,621,669,870,437,580,606,434,713,610,288,564,496,788,672,703,965,727
"29-Dec",553,464,617,638,651,731,835,482,815,514,716,383,642,846,650,665,630,331,502,434,533,539,639,397,553,697,621,675,877,450,584,607,444,716,610,284,579,506,791,681,712,970,725
"30-Dec",549,480,620,643,659,728,833,484,819,500,718,390,648,847,652,667,628,333,504,445,529,550,644,393,555,708,621,689,898,463,586,608,456,719,610,282,591,518,792,687,718,978,717
"31-Dec",546,495,626,647,669,724,832,491,813,488,723,394,652,848,653,669,638,342,507,449,524,563,652,406,557,716,622,698,902,473,588,609,465,722,609,284,604,529,795,695,725,984,709
"01-Jan",544,510,630,651,677,720,830,494,805,478,727,396,660,850,653,672,635,348,513,453,517,575,657,415,560,726,623,712,904,486,592,612,475,725,609,292,620,540,796,705,732,988,700
"02-Jan",542,526,636,654,681,716,828,498,798,466,731,397,665,851,652,674,633,356,522,457,512,589,661,424,562,742,626,719,912,493,595,620,488,726,610,301,638,547,797,714,741,990,692
"03-Jan",542,541,642,659,685,712,826,503,793,453,736,397,677,856,650,676,632,364,531,462,507,604,669,432,564,759,630,730,920,504,597,628,495,726,612,308,651,556,798,724,753,990,683
"04-Jan",543,554,648,660,691,706,824,511,786,443,741,394,683,859,649,681,634,369,537,468,503,612,674,439,566,775,634,738,927,508,599,633,505,726,614,315,665,565,798,730,764,993,676
"05-Jan",546,571,654,662,703,700,823,517,778,432,747,389,690,861,649,686,635,375,546,470,498,625,678,446,568,789,644,746,933,511,602,642,512,723,617,323,680,573,798,737,776,993,669
"06-Jan",550,584,660,667,717,693,821,525,770,420,753,384,697,861,646,688,636,379,559,472,493,633,681,455,570,801,650,751,940,513,604,650,520,717,621,332,694,580,799,743,787,993,661
"07-Jan",554,597,664,672,731,685,820,534,762,408,762,377,702,861,643,691,638,385,569,474,488,641,684,464,572,813,651,763,946,518,606,660,526,714,625,341,713,587,798,749,798,992,657
"08-Jan",558,617,668,678,744,677,819,544,752,395,770,371,704,860,640,695,640,390,578,476,485,647,684,475,574,823,653,768,954,521,608,670,533,712,630,349,727,596,798,753,809,992,651
"09-Jan",561,629,673,683,755,667,815,550,748,383,776,363,707,861,636,699,642,397,585,478,484,654,686,485,576,832,657,775,960,525,609,681,542,709,636,357,740,609,798,757,819,989,646
"10-Jan",562,640,677,687,765,658,810,556,744,372,783,356,709,863,634,703,644,405,591,478,485,662,686,496,577,841,665,780,966,527,610,691,548,710,641,366,754,616,798,759,829,987,648
"11-Jan",562,649,681,692,774,651,805,564,742,364,790,349,714,864,631,704,646,404,600,479,489,667,686,506,578,852,671,787,973,527,611,701,556,710,646,374,767,622,799,763,839,984,641
"12-Jan",562,656,684,698,783,647,803,570,741,355,796,345,717,866,628,706,648,409,608,482,493,671,682,516,579,862,675,794,980,529,613,710,566,711,652,370,781,629,798,766,849,981,643
"13-Jan",563,664,687,703,795,642,799,578,741,348,813,343,717,866,629,709,651,418,614,485,497,674,678,526,581,870,680,801,984,530,618,720,574,714,657,395,795,634,797,766,859,979,645
"14-Jan",564,672,691,708,803,633,798,586,742,342,810,343,722,867,631,710,655,427,621,488,503,676,674,535,585,879,684,809,988,533,625,731,582,721,662,395,807,639,798,766,867,974,648
"15-Jan",567,686,693,712,812,623,795,595,745,336,805,346,730,867,630,712,659,437,631,492,510,678,668,549,589,888,691,815,992,535,633,743,588,723,666,397,817,644,799,766,877,969,652
"16-Jan",570,688,696,715,822,615,793,603,747,335,798,350,733,867,628,713,664,446,643,500,516,681,664,561,593,894,694,822,998,538,640,755,594,727,670,404,828,649,799,766,886,964,658
"17-Jan",571,695,698,719,830,610,792,614,751,337,790,359,738,867,626,712,666,463,654,512,526,682,658,576,597,904,702,828,1002,541,647,765,600,733,675,409,841,654,789,766,894,959,664
"18-Jan",570,701,700,723,838,605,790,623,755,342,779,369,744,870,623,712,669,482,666,522,536,682,649,585,602,912,706,834,1005,542,651,776,609,737,680,411,854,658,793,762,904,951,673
"19-Jan",569,705,704,725,846,604,790,632,758,350,767,375,752,873,619,712,675,500,675,527,546,682,644,596,604,915,712,839,1009,543,655,788,612,745,686,415,860,660,796,758,915,942,686
"20-Jan",569,709,707,728,854,602,788,642,762,363,750,381,759,873,617,711,682,511,688,531,554,682,639,609,607,919,720,844,1014,545,659,795,617,749,692,419,866,662,798,757,926,934,696
"21-Jan",569,713,709,730,859,600,787,652,769,384,738,392,765,875,616,713,693,514,703,540,565,681,637,624,611,921,728,848,1016,547,661,805,619,755,700,423,875,666,799,753,934,927,707
"22-Jan",570,718,711,732,863,600,789,661,777,402,733,401,772,876,615,712,698,515,717,548,575,677,635,635,614,923,731,852,1020,553,664,812,620,759,709,424,887,669,802,752,942,920,718
"23-Jan",570,723,712,732,866,601,788,669,783,416,723,410,777,878,613,714,704,516,732,557,584,674,633,643,616,924,736,855,1024,556,664,821,620,763,713,424,894,672,806,748,949,912,730
"24-Jan",569,727,712,732,868,602,788,674,788,429,721,418,783,880,610,714,711,520,747,562,597,672,631,647,619,924,740,857,1028,563,664,831,625,767,718,423,901,675,810,746,955,904,742
"25-Jan",570,732,712,734,868,604,786,678,794,445,712,423,787,881,608,713,717,524,760,570,608,668,630,651,622,924,746,860,1033,566,662,841,625,771,731,421,912,680,812,744,961,897,753
"26-Jan",570,736,710,736,867,606,786,681,800,463,705,427,792,884,607,712,722,525,773,578,616,663,629,653,624,926,749,862,1040,571,660,850,626,775,740,421,919,686,811,750,964,891,764
"27-Jan",570,738,708,741,866,611,787,684,804,480,694,431,796,886,605,713,726,525,783,585,626,660,626,655,626,928,753,864,1042,578,658,855,626,779,746,421,927,691,815,750,968,885,774
"28-Jan",571,740,706,747,865,614,789,689,807,498,684,434,799,888,604,716,729,526,792,590,635,656,625,657,628,931,757,866,1052,583,656,870,628,781,750,422,935,696,818,750,973,880,784
"29-Jan",571,743,704,751,861,616,790,693,813,516,684,437,804,890,604,718,733,529,801,594,641,654,626,659,630,936,760,867,1054,587,654,880,630,783,759,422,942,705,830,750,976,876,793
"30-Jan",571,747,702,754,858,618,790,699,817,531,665,438,808,892,602,720,733,532,809,596,652,652,623,661,632,935,764,867,1065,592,653,885,634,784,769,422,947,712,829,750,981,872,803
"31-Jan",573,751,700,762,856,621,790,704,821,544,670,438,811,894,602,722,739,532,815,599,663,652,622,663,634,937,768,867,1072,597,653,890,637,784,781,422,951,718,834,750,984,869,811
"01-Feb",576,753,699,770,853,626,790,711,825,555,649,437,812,897,603,725,741,532,826,602,674,652,622,663,636,944,774,865,1074,603,652,901,641,785,792,418,954,723,838,750,987,866,818
"02-Feb",578,755,697,777,850,630,790,717,830,576,628,434,814,898,605,725,741,534,833,604,682,652,622,661,636,952,777,864,1077,609,650,907,646,786,798,414,958,730,845,750,990,866,823
"03-Feb",579,758,695,783,846,634,791,722,835,597,609,432,818,903,609,733,742,536,845,606,692,652,622,657,636,960,777,864,1080,613,648,913,653,786,806,413,960,736,848,750,994,865,827
"04-Feb",580,759,693,790,842,638,792,729,841,613,590,428,819,911,612,736,743,538,854,608,703,652,622,652,636,967,780,867,1084,617,647,920,658,786,816,410,962,741,852,752,998,866,831
"05-Feb",582,762,692,798,836,642,794,736,846,622,573,422,820,920,615,741,744,542,862,611,715,652,622,648,636,975,781,867,1087,622,646,927,664,788,822,406,965,747,858,752,1000,866,833
"06-Feb",584,766,692,806,831,648,798,745,851,630,557,418,819,925,619,744,746,543,870,616,727,656,622,644,636,981,782,869,1090,627,646,935,675,788,827,402,968,752,860,752,1002,866,838
"07-Feb",586,770,690,814,826,654,804,753,857,637,543,411,819,929,622,752,749,543,880,625,736,662,624,639,638,995,782,870,1101,633,647,944,684,789,835,399,970,757,864,748,1004,866,840
"08-Feb",588,772,688,822,822,661,808,761,863,649,531,405,820,932,625,757,750,543,888,632,744,669,626,635,645,1004,782,871,1104,638,652,951,692,793,842,398,973,763,868,746,1005,865,840
"09-Feb",590,770,686,826,818,669,812,769,869,664,521,400,823,934,627,764,751,543,899,637,754,673,628,631,651,1015,783,871,1106,645,657,961,699,797,847,397,975,767,872,744,1006,863,840
"10-Feb",600,773,684,830,810,677,818,775,873,678,512,395,828,939,627,772,752,540,905,641,766,677,630,627,660,1024,783,871,1109,649,661,969,713,799,852,393,977,771,875,743,1007,861,840
"11-Feb",602,777,684,835,804,682,822,779,879,693,506,388,833,943,627,779,757,538,912,645,780,684,631,625,671,1033,780,871,1110,656,670,974,723,806,859,390,979,777,880,738,1009,859,840
"12-Feb",604,781,684,840,796,686,829,783,887,709,503,382,837,948,627,788,759,538,920,649,788,690,633,623,681,1045,778,871,1112,661,678,981,732,811,863,390,981,782,886,736,1012,855,840
"13-Feb",610,785,686,845,789,689,832,782,892,723,502,376,840,954,627,798,762,538,931,657,790,696,635,620,691,1053,778,871,1113,663,686,989,744,815,867,385,984,787,894,734,1015,858,839
"14-Feb",615,791,686,849,783,693,836,792,899,733,502,370,842,958,629,810,765,538,938,664,790,703,637,618,701,1063,776,874,1114,664,692,996,756,819,870,383,988,792,897,734,1019,860,839
"15-Feb",620,797,687,853,775,696,842,802,906,744,505,364,844,965,628,821,768,540,946,669,795,707,639,615,712,1068,771,874,1115,667,698,1011,769,824,874,380,990,796,935,732,1020,861,838
"16-Feb",630,803,688,857,767,699,847,810,912,754,510,360,848,971,630,833,773,540,953,672,801,711,641,613,720,1074,769,874,1115,670,703,1021,785,829,879,376,993,801,944,732,1021,861,840
"17-Feb",639,807,689,861,770,704,850,818,918,768,517,356,852,975,629,849,780,540,961,674,807,715,643,611,729,1089,764,876,1115,675,712,1025,796,835,882,373,996,807,947,730,1021,863,840
"18-Feb",644,812,690,865,764,708,854,826,925,783,525,351,854,978,630,858,787,543,968,676,813,720,645,609,740,1097,760,882,1113,681,718,1029,809,839,885,371,999,811,951,730,1021,866,842
"19-Feb",648,818,690,869,759,711,857,833,937,798,535,347,857,982,630,871,795,544,977,678,818,727,647,606,750,1104,757,891,1112,684,729,1036,823,842,887,373,1002,815,953,729,1025,870,844
"20-Feb",653,824,690,873,754,715,863,840,946,813,546,348,862,985,631,882,802,545,987,681,826,735,650,603,757,1109,756,896,1112,686,736,1044,838,849,889,374,1005,817,961,727,1026,874,846
"21-Feb",657,828,690,877,750,719,868,847,954,827,558,351,868,987,632,892,809,545,997,682,831,739,654,598,765,1113,755,902,1112,690,744,1049,853,856,893,374,1009,821,967,726,1026,879,849
"22-Feb",662,833,690,881,746,723,873,852,961,839,571,349,872,989,631,901,819,545,1008,683,835,747,658,595,774,1117,751,908,1110,698,750,1057,868,860,896,376,1011,825,970,726,1026,888,855
"23-Feb",670,838,690,883,743,727,878,857,966,850,585,346,877,989,631,912,828,545,1016,684,839,751,661,595,781,1122,749,916,1109,703,758,1064,881,862,897,380,1015,829,974,726,1026,894,862
"24-Feb",683,844,690,891,739,731,884,862,972,858,598,345,882,990,628,923,836,547,1026,685,843,756,665,595,788,1124,747,922,1111,704,766,1069,892,867,901,384,1019,833,979,724,1028,899,868
"25-Feb",697,849,689,896,735,736,891,867,979,866,612,347,883,992,625,932,844,562,1036,686,847,761,667,595,797,1125,745,928,1110,709,774,1079,900,872,904,388,1023,837,982,724,1028,906,875
"26-Feb",709,854,687,900,734,741,896,873,986,872,626,348,886,993,621,939,851,575,1045,688,852,765,669,597,807,1127,743,935,1108,715,782,1086,913,879,907,394,1026,844,984,724,1029,914,883
"27-Feb",720,859,685,904,732,746,902,879,992,878,641,351,892,993,620,947,858,585,1055,691,856,769,671,599,817,1129,743,942,1108,717,791,1096,926,881,911,400,1027,851,985,724,1029,921,891
"28-Feb",727,865,685,914,731,754,905,888,996,885,655,367,898,994,618,964,866,597,1068,694,860,771,673,603,827,1131,743,957,1108,720,796,1116,938,885,915,414,1028,857,986,827,1030,928,901
"01-Mar",734,871,685,919,730,762,912,892,1001,890,669,374,900,994,616,971,873,600,1078,696,866,773,675,605,836,1133,743,961,1108,720,805,1124,952,889,919,426,1031,859,986,827,1029,937,911
"02-Mar",742,876,685,924,729,768,916,894,1007,895,683,382,904,993,614,979,880,609,1090,698,872,777,677,607,846,1133,743,968,1108,722,818,1130,969,893,921,437,1035,861,988,828,1030,943,922
"03-Mar",750,881,687,930,729,774,920,896,1011,903,697,389,911,996,613,984,888,614,1097,703,876,783,679,609,856,1132,745,975,1109,725,824,1135,979,897,925,449,1040,863,988,834,1030,951,931
"04-Mar",761,886,689,936,728,780,922,898,1017,906,711,399,916,997,612,991,896,621,1106,707,881,787,682,615,866,1128,742,982,1112,728,834,1140,990,903,930,460,1044,865,988,836,1030,959,941
"05-Mar",769,890,691,942,728,789,924,902,1023,911,725,410,920,1001,611,995,909,625,1111,710,886,793,685,625,875,1126,740,990,1113,734,840,1145,1002,909,934,472,1046,867,988,836,1032,967,951
"06-Mar",778,895,693,948,728,798,926,904,1029,913,739,424,924,1009,609,999,915,628,1116,713,890,797,689,631,885,1123,743,994,1114,739,845,1150,1021,915,938,488,1048,868,988,839,1033,977,961
"07-Mar",786,899,695,952,728,806,930,907,1033,914,754,437,930,1014,607,1003,925,630,1119,721,893,804,693,638,900,1121,746,998,1115,740,850,1155,1032,920,942,502,1052,868,988,843,1035,985,970
"08-Mar",795,901,699,956,728,814,931,911,1037,914,768,456,934,1019,608,1009,932,634,1121,725,898,809,697,645,912,1120,746,1003,1117,743,856,1159,1048,929,946,524,1056,868,988,846,1039,993,979
"09-Mar",806,903,699,960,728,822,933,912,1041,915,782,475,938,1022,610,1013,941,639,1123,732,905,816,703,651,922,1115,746,1006,1117,745,862,1163,1053,937,951,535,1061,868,988,849,1045,1001,988
"10-Mar",814,905,699,964,728,830,935,912,1047,918,796,492,948,1026,612,1017,955,641,1125,740,909,824,707,658,931,1108,746,1010,1122,748,868,1167,1061,944,956,549,1065,866,988,853,1051,1011,996
"11-Mar",821,907,699,968,728,838,940,912,1052,919,809,510,955,1029,613,1021,969,641,1126,748,911,831,711,665,941,1103,746,1013,1123,751,873,1174,1069,954,961,564,1070,864,988,857,1055,1021,1003
"12-Mar",829,909,700,972,727,846,943,914,1056,920,821,530,962,1031,619,1024,981,643,1126,758,914,836,715,671,950,1097,747,1018,1126,753,881,1179,1073,962,964,575,1077,862,990,859,1060,1034,1013
"13-Mar",836,912,700,976,728,855,949,912,1062,922,832,548,971,1033,623,1029,989,647,1124,766,919,844,719,678,956,1093,747,1022,1136,755,889,1183,1081,969,969,588,1082,861,990,863,1066,1046,1023
"14-Mar",842,915,700,978,728,864,951,912,1068,924,841,565,979,1035,629,1038,995,650,1122,775,923,850,723,685,964,1087,748,1027,1128,759,895,1187,1087,975,976,600,1088,860,990,867,1071,1058,1031
"15-Mar",849,917,701,978,728,872,952,912,1074,925,848,588,986,1037,635,1041,1000,651,1120,779,927,855,727,691,976,1083,748,1032,1133,763,901,1191,1096,979,982,610,1094,860,991,870,1076,1070,1035
"16-Mar",856,919,702,980,728,880,954,913,1081,928,854,606,992,1039,644,1045,1007,655,1117,787,931,859,731,702,985,1078,749,1035,1136,765,908,1195,1104,984,988,622,1102,860,991,873,1079,1082,1038
"17-Mar",862,921,702,985,729,888,955,913,1086,931,857,623,1001,1040,651,1048,1015,661,1115,793,935,863,735,714,994,1075,750,1037,1140,770,916,1200,1107,992,995,629,1112,860,993,877,1087,1093,1041
"18-Mar",868,925,703,991,730,896,956,913,1090,935,858,639,1010,1042,657,1050,1021,665,1114,797,939,869,739,723,1005,1071,753,1045,1145,778,923,1204,1110,998,1002,638,1120,859,995,893,1094,1105,1043
"19-Mar",872,930,708,996,731,904,958,913,1094,937,858,653,1016,1043,665,1052,1028,671,1112,805,943,876,743,730,1012,1067,756,1048,1150,781,933,1207,1113,1004,1012,645,1128,859,996,897,1100,1117,1047
"20-Mar",878,934,714,1001,735,912,961,911,1098,941,855,669,1023,1044,674,1059,1038,675,1110,810,947,884,747,736,1019,1066,762,1053,1153,784,940,1211,1114,1012,1022,657,1135,857,996,901,1106,1132,1048
"21-Mar",885,939,720,1004,740,917,963,909,1105,946,851,683,1029,1045,681,1064,1048,680,1108,821,951,894,751,745,1029,1064,772,1057,1160,787,945,1215,1116,1022,1030,665,1141,853,1001,905,1112,1143,1049
"22-Mar",891,942,726,1005,742,921,967,909,1109,951,846,695,1039,1046,690,1065,1055,682,1106,827,954,904,755,752,1038,1064,776,1062,1165,792,951,1219,1119,1027,1041,674,1147,850,1003,909,1122,1155,1050
"23-Mar",896,944,732,1006,743,925,969,908,1113,957,840,709,1047,1047,698,1068,1059,687,1104,833,956,908,759,760,1046,1065,779,1066,1170,793,956,1223,1124,1035,1046,683,1154,847,1005,913,1128,1165,1052
"24-Mar",902,947,738,1008,744,928,970,907,1119,963,833,723,1055,1049,704,1072,1063,689,1100,840,959,912,763,767,1052,1068,784,1069,1177,798,962,1227,1127,1045,1051,693,1159,846,1008,917,1135,1179,1053
"25-Mar",907,949,744,1009,746,930,973,906,1126,972,826,735,1065,1050,711,1074,1070,691,1095,845,965,917,767,774,1057,1070,787,1072,1184,804,968,1231,1127,1055,1061,699,1166,844,1011,919,1140,1189,1055
"26-Mar",910,951,750,1009,748,933,976,905,1131,980,820,745,1077,1052,716,1075,1074,692,1092,849,970,921,774,780,1062,1071,795,1076,1190,809,974,1235,1129,1061,1071,706,1175,842,1013,922,1146,1199,1057
"27-Mar",912,955,755,1010,749,936,978,904,1135,985,813,752,1087,1054,721,1077,1081,694,1092,854,977,926,779,787,1069,1071,805,1077,1197,815,980,1239,1134,1068,1077,717,1182,844,1014,924,1159,1208,1059
"28-Mar",914,960,760,1012,750,939,980,903,1138,991,806,761,1096,1056,726,1079,1088,694,1087,860,982,933,785,795,1070,1073,807,1078,1202,818,984,1243,1137,1076,1085,727,1192,843,1022,927,1163,1219,1060
"29-Mar",916,964,765,1013,752,941,982,903,1142,998,801,769,1106,1058,732,1081,1093,694,1086,868,987,937,792,806,1070,1075,812,1080,1208,821,988,1247,1142,1081,1094,736,1198,844,1031,931,1170,1231,1062
"30-Mar",921,970,771,1014,756,943,986,902,1147,1006,796,775,1116,1059,737,1084,1097,697,1087,875,991,945,801,814,1072,1077,820,1083,1212,828,991,1251,1144,1083,1105,746,1204,845,1033,936,1178,1239,1063
"31-Mar",923,977,776,1014,758,945,988,901,1151,1012,793,784,1125,1061,741,1082,1100,711,1082,880,995,951,808,820,1074,1079,828,1088,1217,833,993,1254,1146,1090,1115,755,1211,846,1037,941,1185,1246,1064
"01-Apr",924,984,781,1015,759,946,990,898,1156,1017,792,796,1131,1064,746,1083,1102,724,1088,889,1001,956,814,827,1076,1081,836,1089,1222,840,996,1256,1148,1103,1122,764,1217,848,1038,944,1191,1260,1064
"02-Apr",925,990,786,1015,762,947,993,898,1160,1023,793,798,1139,1067,751,1084,1106,733,1090,896,1007,961,820,834,1076,1084,842,1090,1226,848,998,1261,1154,1111,1128,772,1222,852,1039,944,1197,1267,1065
"03-Apr",926,996,790,1014,764,950,997,898,1164,1029,796,803,1146,1072,758,1083,1111,742,1092,907,1012,971,825,841,1076,1088,850,1090,1230,853,1000,1266,1158,1115,1132,781,1226,856,1041,946,1202,1273,1067
"04-Apr",927,1001,797,1013,764,953,1000,898,1166,1034,802,809,1153,1078,762,1083,1113,747,1092,915,1019,976,833,847,1076,1091,861,1093,1234,860,1003,1272,1160,1122,1137,788,1229,859,1043,948,1209,1279,1067
"05-Apr",929,1008,804,1014,764,959,1002,898,1171,1039,810,812,1157,1084,767,1084,1116,750,1093,923,1026,983,840,855,1076,1094,870,1095,1238,867,1005,1276,1162,1129,1143,797,1233,868,1046,953,1215,1285,1067
"06-Apr",932,1014,812,1015,763,964,1004,899,1175,1047,821,816,1165,1088,770,1084,1118,750,1095,929,1032,988,845,863,1078,1096,880,1095,1241,871,1007,1280,1165,1135,1146,804,1236,877,1049,957,1221,1292,1067
"07-Apr",935,1021,818,1014,763,967,1005,899,1179,1054,835,821,1172,1095,775,1086,1124,751,1097,938,1038,995,849,871,1079,1100,890,1095,1250,878,1011,1285,1166,1138,1150,811,1240,882,1055,963,1227,1300,1067
"08-Apr",938,1029,822,1013,763,971,1006,899,1186,1062,851,825,1176,1105,780,1087,1124,752,1100,947,1044,1005,856,877,1080,1104,901,1094,1254,890,1015,1292,1167,1144,1156,817,1242,888,1061,970,1233,1307,1067
"09-Apr",941,1036,826,1014,764,975,1009,899,1190,1068,868,830,1185,1108,785,1089,1125,756,1107,954,1049,1013,862,882,1082,1107,910,1094,1258,901,1019,1300,1168,1151,1162,826,1244,905,1063,975,1239,1312,1069
"10-Apr",943,1044,831,1015,764,980,1014,903,1194,1072,886,833,1190,1116,789,1092,1127,759,1111,962,1056,1022,870,889,1084,1107,920,1094,1267,908,1023,1308,1168,1155,1166,836,1245,909,1064,980,1246,1318,1071
"11-Apr",945,1054,835,1017,765,984,1018,906,1195,1076,905,835,1192,1121,796,1093,1129,774,1116,971,1064,1029,878,897,1086,1107,932,1099,1271,914,1027,1316,1169,1160,1171,845,1245,919,1068,985,1255,1323,1074
"12-Apr",949,1063,840,1017,765,987,1024,909,1197,1082,924,837,1194,1128,803,1095,1131,786,1122,980,1070,1035,885,904,1088,1109,944,1104,1274,921,1032,1325,1169,1162,1175,854,1246,931,1071,992,1262,1328,1076
"13-Apr",953,1071,846,1018,766,989,1031,911,1198,1087,942,841,1196,1136,809,1097,1133,793,1129,986,1078,1042,893,914,1091,1113,958,1108,1278,928,1039,1332,1169,1167,1179,862,1246,947,1075,1000,1275,1334,1076
"14-Apr",958,1079,852,1019,766,992,1035,913,1199,1090,959,845,1198,1140,816,1097,1135,801,1135,996,1086,1050,904,923,1095,1114,970,1103,1283,942,1043,1339,1166,1173,1182,869,1247,958,1083,1005,1285,1343,1080
"15-Apr",963,1083,858,1025,766,996,1041,916,1202,1094,974,849,1203,1146,824,1099,1137,812,1140,1010,1092,1058,909,930,1100,1114,978,1098,1287,953,1047,1346,1165,1176,1182,876,1247,967,1088,1012,1294,1349,1081
"16-Apr",969,1093,864,1028,765,1002,1045,922,1204,1098,987,854,1207,1152,831,1099,1142,821,1147,1024,1097,1066,916,937,1106,1114,986,1098,1291,963,1051,1354,1165,1180,1185,887,1247,980,1092,1021,1304,1355,1084
"17-Apr",972,1105,870,1030,764,1008,1051,925,1205,1102,998,860,1210,1158,837,1101,1145,831,1156,1037,1104,1073,924,941,1112,1116,996,1098,1295,973,1055,1361,1165,1183,1191,893,1247,994,1095,1034,1314,1359,1090
"18-Apr",978,1117,876,1032,763,1013,1058,928,1206,1106,1007,866,1211,1163,846,1104,1147,839,1166,1046,1110,1079,929,945,1118,1118,1006,1102,1300,983,1060,1366,1169,1185,1194,901,1247,1001,1102,1041,1324,1364,1095
"19-Apr",986,1128,884,1034,759,1017,1061,937,1208,1110,1015,872,1212,1168,854,1108,1151,843,1174,1056,1116,1087,934,948,1125,1120,1014,1102,1303,993,1066,1374,1172,1187,1194,909,1247,1007,1107,1047,1333,1371,1098
"20-Apr",992,1134,897,1036,755,1021,1065,942,1209,1115,1022,877,1214,1171,859,1110,1157,850,1180,1066,1121,1094,941,954,1136,1122,1021,1103,1305,1008,1075,1374,1172,1191,1194,916,1249,1011,1113,1054,1340,1378,1102
"21-Apr",998,1140,907,1039,753,1025,1071,949,1212,1120,1027,882,1216,1175,866,1113,1167,864,1188,1076,1127,1102,951,956,1147,1127,1030,1104,1308,1025,1085,1375,1175,1194,1197,924,1253,1017,1118,1064,1348,1382,1105
"22-Apr",1004,1146,917,1043,753,1031,1078,955,1215,1124,1030,888,1218,1177,872,1115,1170,876,1197,1087,1132,1114,959,967,1155,1131,1039,1105,1309,1042,1096,1376,1179,1196,1198,943,1256,1022,1123,1071,1357,1386,1109
"23-Apr",1009,1152,927,1047,751,1036,1084,960,1217,1127,1032,894,1220,1179,878,1119,1173,887,1205,1097,1137,1122,966,977,1166,1135,1047,1107,1310,1055,1108,1384,1181,1199,1200,941,1259,1027,1130,1076,1364,1389,1113
"24-Apr",1014,1158,937,1051,752,1040,1091,964,1218,1134,1034,898,1222,1180,883,1121,1175,896,1211,1107,1141,1129,976,984,1177,1142,1053,1111,1311,1067,1119,1395,1185,1203,1206,947,1263,1033,1136,1084,1370,1393,1121
"25-Apr",1020,1164,946,1057,753,1044,1098,969,1218,1142,1036,903,1224,1183,889,1123,1178,903,1221,1117,1144,1139,985,991,1186,1149,1059,1113,1313,1079,1131,1407,1191,1209,1211,954,1267,1041,1145,1094,1379,1396,1126
"26-Apr",1026,1170,953,1067,753,1048,1104,975,1220,1151,1037,907,1227,1184,896,1126,1181,908,1227,1130,1147,1147,994,996,1194,1152,1067,1116,1315,1096,1139,1417,1197,1215,1215,962,1270,1049,1149,1108,1387,1400,1130
"27-Apr",1031,1176,962,1071,754,1052,1110,980,1222,1158,1039,913,1232,1186,901,1129,1185,916,1233,1142,1149,1154,1001,1004,1208,1155,1075,1121,1318,1108,1146,1424,1203,1221,1224,976,1276,1054,1155,1115,1394,1402,1134
"28-Apr",1036,1183,972,1073,756,1056,1117,986,1223,1164,1040,917,1236,1188,909,1133,1191,923,1244,1150,1153,1160,1009,1012,1218,1157,1083,1124,1321,1122,1154,1428,1209,1225,1234,985,1282,1058,1160,1119,1401,1405,1139
"29-Apr",1041,1188,982,1076,758,1059,1123,993,1225,1170,1041,922,1241,1192,918,1135,1198,929,1256,1156,1155,1164,1017,1017,1227,1162,1089,1131,1323,1136,1164,1434,1216,1231,1240,993,1288,1063,1169,1124,1409,1409,1145
"30-Apr",1044,1198,992,1081,760,1062,1131,998,1226,1180,1041,926,1244,1194,926,1140,1202,938,1255,1162,1159,1168,1027,1022,1236,1165,1093,1134,1324,1146,1172,1441,1226,1240,1250,998,1294,1074,1173,1133,1413,1412,1151
"01-May",1046,1205,1002,1085,762,1064,1140,1003,1228,1189,1046,931,1247,1197,933,1150,1206,947,1257,1171,1161,1172,1034,1028,1247,1167,1097,1137,1325,1158,1178,1445,1237,1245,1257,1007,1300,1080,1179,1145,1419,1416,1156
"02-May",1048,1211,1012,1089,765,1068,1149,1007,1232,1195,1049,936,1250,1202,943,1153,1211,958,1263,1177,1163,1179,1045,1034,1255,1172,1103,1146,1327,1175,1187,1449,1246,1250,1266,1015,1306,1085,1187,1154,1429,1420,1163
"03-May",1050,1218,1022,1095,771,1072,1157,1015,1237,1204,1059,939,1252,1206,953,1157,1217,969,1276,1184,1165,1184,1052,1040,1266,1180,1110,1154,1328,1187,1196,1455,1252,1260,1273,1024,1311,1097,1193,1162,1432,1425,1170
"04-May",1059,1226,1031,1101,775,1076,1164,1022,1240,1212,1074,943,1257,1210,962,1160,1224,974,1287,1193,1167,1190,1061,1046,1278,1186,1118,1161,1329,1196,1205,1461,1259,1269,1278,1033,1313,1113,1201,1170,1434,1430,1177
"05-May",1065,1234,1039,1107,779,1080,1172,1028,1243,1220,1084,948,1261,1213,969,1167,1232,980,1293,1201,1169,1197,1071,1054,1287,1193,1130,1166,1329,1206,1211,1466,1268,1276,1286,1042,1315,1125,1205,1175,1438,1435,1184
"06-May",1069,1242,1047,1113,784,1084,1180,1035,1245,1227,1089,953,1266,1218,978,1173,1239,990,1305,1209,1171,1206,1080,1060,1295,1197,1137,1171,1329,1215,1217,1470,1275,1282,1296,1053,1320,1140,1211,1185,1443,1443,1189
"07-May",1073,1251,1055,1119,790,1088,1187,1047,1248,1236,1097,958,1269,1223,990,1180,1245,1002,1312,1216,1173,1212,1091,1067,1305,1205,1143,1177,1329,1226,1223,1476,1285,1289,1299,1062,1323,1152,1216,1194,1449,1448,1196
"08-May",1077,1260,1063,1126,799,1092,1194,1057,1253,1244,1109,964,1273,1228,998,1187,1249,1014,1318,1223,1175,1219,1097,1075,1311,1216,1147,1184,1330,1236,1230,1481,1293,1295,1303,1071,1326,1164,1222,1201,1459,1452,1202
"09-May",1081,1269,1073,1132,809,1096,1200,1064,1256,1252,1120,968,1277,1235,1005,1193,1253,1026,1326,1229,1179,1227,1104,1086,1318,1228,1155,1190,1331,1249,1238,1485,1302,1305,1308,1079,1331,1177,1230,1207,1465,1455,1207
"10-May",1086,1273,1081,1138,818,1100,1207,1071,1259,1260,1130,969,1281,1239,1011,1203,1258,1032,1335,1236,1183,1234,1113,1097,1323,1239,1165,1195,1335,1259,1246,1488,1314,1312,1316,1090,1334,1188,1237,1211,1471,1458,1212
"11-May",1090,1279,1086,1144,827,1104,1215,1077,1262,1268,1133,972,1284,1243,1018,1210,1266,1043,1341,1242,1187,1240,1122,1105,1327,1246,1172,1202,1335,1268,1252,1492,1325,1320,1320,1100,1336,1199,1244,1215,1477,1462,1218
"12-May",1093,1285,1092,1148,837,1107,1222,1082,1265,1272,1139,974,1285,1249,1022,1214,1277,1063,1350,1248,1191,1244,1131,1113,1331,1255,1180,1210,1338,1278,1261,1497,1331,1324,1325,1109,1338,1210,1251,1224,1482,1464,1221
"13-May",1097,1291,1100,1153,845,1111,1227,1090,1269,1276,1145,976,1293,1255,1026,1224,1289,1082,1357,1257,1195,1249,1141,1122,1335,1265,1187,1215,1340,1285,1271,1503,1341,1331,1327,1118,1340,1227,1258,1238,1487,1465,1226
"14-May",1100,1297,1108,1160,852,1115,1232,1098,1274,1284,1151,976,1299,1262,1030,1229,1295,1095,1365,1263,1201,1256,1149,1130,1339,1273,1195,1222,1340,1296,1281,1512,1346,1336,1331,1125,1345,1236,1268,1250,1492,1468,1228
"15-May",1104,1303,1116,1167,860,1119,1238,1104,1280,1290,1158,979,1305,1269,1034,1237,1299,1114,1372,1271,1208,1263,1158,1140,1346,1282,1203,1229,1340,1305,1290,1516,1356,1342,1335,1132,1350,1245,1278,1260,1496,1471,1230
"16-May",1108,1309,1125,1171,869,1121,1242,1108,1286,1296,1166,981,1309,1276,1039,1244,1302,1125,1376,1275,1216,1271,1169,1148,1352,1291,1208,1234,1340,1312,1299,1519,1363,1348,1337,1139,1355,1253,1285,1270,1498,1473,1234
"17-May",1112,1314,1134,1175,878,1123,1247,1114,1292,1303,1172,983,1315,1283,1043,1249,1306,1137,1379,1277,1224,1276,1178,1156,1357,1305,1221,1240,1340,1318,1307,1522,1371,1356,1339,1151,1357,1262,1294,1280,1500,1478,1241
"18-May",1117,1321,1142,1179,887,1127,1251,1120,1298,1307,1183,984,1319,1291,1049,1257,1312,1152,1384,1286,1232,1283,1189,1166,1359,1319,1230,1245,1342,1325,1314,1526,1375,1362,1342,1160,1359,1270,1303,1292,1510,1484,1244
"19-May",1122,1329,1148,1183,896,1130,1254,1123,1305,1311,1191,984,1323,1300,1053,1260,1318,1162,1389,1297,1237,1289,1202,1175,1361,1332,1239,1252,1343,1333,1322,1528,1380,1371,1348,1165,1361,1279,1314,1304,1514,1487,1248
"20-May",1125,1335,1153,1187,905,1133,1259,1125,1310,1315,1196,984,1327,1308,1057,1271,1322,1178,1391,1306,1241,1296,1212,1183,1364,1339,1248,1259,1343,1341,1331,1531,1385,1381,1354,1167,1365,1287,1324,1310,1518,1490,1252
"21-May",1127,1342,1158,1192,914,1136,1264,1127,1316,1318,1200,984,1330,1316,1061,1279,1331,1184,1394,1316,1245,1303,1220,1191,1366,1345,1256,1264,1343,1345,1339,1535,1391,1386,1357,1169,1369,1295,1332,1319,1521,1492,1255
"22-May",1131,1349,1163,1197,921,1138,1268,1131,1322,1320,1207,985,1332,1323,1065,1287,1335,1193,1396,1326,1249,1309,1229,1201,1368,1353,1262,1270,1343,1349,1347,1539,1394,1390,1359,1171,1373,1305,1342,1326,1525,1494,1259
"23-May",1134,1355,1169,1202,927,1141,1271,1137,1328,1324,1214,984,1336,1331,1070,1291,1341,1200,1400,1334,1251,1317,1239,1209,1370,1363,1271,1276,1343,1353,1355,1541,1400,1394,1362,1174,1375,1312,1351,1339,1528,1495,1264
"24-May",1137,1362,1174,1207,933,1144,1275,1149,1335,1329,1220,985,1339,1339,1074,1297,1350,1206,1408,1342,1255,1323,1250,1214,1372,1373,1280,1283,1343,1355,1362,1543,1405,1397,1367,1180,1377,1319,1360,1350,1531,1498,1271
"25-May",1142,1369,1177,1209,939,1148,1280,1155,1342,1335,1227,985,1344,1347,1078,1309,1361,1215,1413,1350,1259,1330,1261,1223,1372,1384,1285,1290,1342,1358,1371,1544,1411,1402,1371,1184,1379,1326,1368,1360,1534,1501,1278
"26-May",1147,1375,1180,1211,947,1152,1282,1161,1350,1339,1234,985,1350,1353,1085,1315,1365,1222,1415,1361,1263,1337,1271,1231,1372,1392,1292,1297,1342,1361,1379,1544,1415,1403,1377,1188,1380,1332,1376,1366,1537,1504,1283
"27-May",1150,1380,1180,1213,953,1155,1284,1167,1358,1345,1241,986,1354,1359,1092,1321,1368,1227,1417,1370,1267,1344,1280,1235,1372,1399,1298,1302,1342,1365,1387,1544,1418,1404,1379,1191,1382,1339,1384,1373,1540,1508,1288
"28-May",1153,1384,1182,1214,959,1158,1286,1175,1368,1350,1246,988,1358,1364,1098,1332,1371,1233,1419,1379,1271,1349,1290,1240,1372,1404,1306,1308,1342,1375,1394,1542,1421,1409,1381,1195,1384,1345,1392,1378,1542,1512,1294
"29-May",1155,1388,1183,1217,965,1161,1289,1182,1376,1355,1251,991,1362,1369,1106,1339,1379,1239,1421,1387,1275,1359,1301,1246,1372,1412,1311,1317,1343,1374,1401,1542,1425,1412,1384,1199,1386,1350,1399,1384,1546,1517,1300
"30-May",1157,1392,1184,1221,970,1167,1292,1188,1385,1361,1256,994,1366,1375,1113,1344,1386,1243,1425,1396,1278,1368,1308,1252,1372,1417,1316,1326,1343,1374,1408,1541,1429,1415,1386,1203,1389,1356,1410,1387,1548,1522,1305
"31-May",1162,1396,1184,1224,976,1172,1294,1196,1394,1367,1262,990,1369,1379,1122,1348,1395,1248,1427,1404,1281,1374,1316,1257,1373,1421,1321,1334,1345,1376,1414,1538,1431,1417,1390,1205,1392,1362,1417,1393,1550,1527,1310
"01-Jun",1167,1400,1184,1228,982,1176,1296,1201,1403,1372,1266,990,1371,1384,1129,1358,1398,1253,1433,1416,1285,1381,1324,1263,1375,1425,1328,1341,1345,1376,1421,1534,1433,1420,1393,1206,1392,1367,1425,1397,1552,1531,1315
"02-Jun",1171,1404,1185,1232,988,1180,1298,1208,1407,1378,1271,990,1373,1391,1136,1365,1402,1255,1435,1422,1289,1388,1331,1271,1377,1430,1334,1347,1347,1377,1429,1529,1437,1420,1395,1207,1392,1372,1432,1402,1554,1535,1321
"03-Jun",1174,1408,1185,1236,995,1185,1299,1212,1411,1384,1276,990,1376,1395,1146,1371,1403,1258,1437,1428,1293,1393,1337,1280,1379,1435,1337,1358,1347,1377,1433,1525,1438,1420,1398,1209,1392,1376,1439,1407,1558,1542,1325
"04-Jun",1177,1414,1184,1240,1004,1191,1303,1216,1423,1390,1279,990,1377,1400,1156,1377,1405,1261,1440,1435,1297,1401,1345,1288,1381,1442,1341,1363,1350,1378,1436,1522,1439,1420,1399,1215,1392,1384,1446,1411,1560,1547,1329
"05-Jun",1182,1418,1182,1245,1014,1197,1305,1222,1430,1397,1283,990,1378,1404,1165,1379,1406,1263,1445,1442,1303,1409,1352,1291,1382,1445,1354,1373,1355,1378,1441,1518,1442,1420,1402,1218,1390,1388,1452,1416,1562,1551,1334
"06-Jun",1186,1424,1179,1251,1025,1203,1306,1226,1435,1402,1287,991,1379,1408,1173,1389,1408,1265,1448,1447,1307,1418,1357,1293,1382,1447,1354,1379,1359,1379,1445,1514,1444,1421,1405,1220,1387,1393,1459,1421,1564,1554,1339
"07-Jun",1190,1429,1175,1257,1036,1209,1307,1231,1439,1406,1292,992,1380,1411,1182,1395,1409,1269,1450,1451,1311,1426,1361,1295,1382,1451,1354,1385,1361,1380,1448,1509,1447,1422,1409,1224,1384,1398,1463,1427,1567,1556,1343
"08-Jun",1194,1433,1170,1263,1046,1215,1309,1238,1448,1412,1296,993,1379,1415,1189,1403,1412,1270,1452,1457,1315,1432,1366,1297,1381,1453,1356,1391,1366,1380,1451,1505,1447,1422,1411,1226,1382,1404,1468,1431,1568,1560,1346
"09-Jun",1201,1437,1167,1269,1055,1221,1312,1243,1454,1418,1301,995,1379,1419,1196,1407,1417,1272,1453,1461,1319,1439,1368,1299,1378,1455,1361,1397,1371,1380,1453,1502,1447,1422,1414,1229,1380,1409,1473,1435,1569,1563,1349
"10-Jun",1204,1439,1163,1273,1064,1227,1312,1247,1459,1423,1304,995,1378,1422,1204,1409,1418,1275,1456,1464,1323,1444,1370,1302,1376,1457,1364,1402,1376,1379,1456,1497,1447,1423,1414,1231,1378,1412,1477,1437,1571,1570,1352
"11-Jun",1208,1443,1160,1277,1072,1235,1312,1251,1465,1428,1307,996,1376,1424,1211,1412,1418,1277,1458,1467,1327,1448,1372,1304,1374,1458,1368,1405,1382,1379,1458,1493,1447,1429,1415,1235,1375,1415,1481,1437,1572,1574,1354
"12-Jun",1215,1445,1156,1281,1081,1241,1312,1257,1471,1431,1309,995,1377,1427,1219,1415,1417,1280,1460,1470,1331,1452,1373,1306,1372,1458,1372,1411,1390,1378,1460,1489,1449,1430,1417,1238,1373,1417,1485,1437,1576,1578,1356
"13-Jun",1220,1449,1152,1285,1091,1247,1311,1263,1476,1435,1312,993,1376,1434,1225,1417,1414,1285,1462,1472,1333,1456,1375,1308,1372,1458,1376,1418,1401,1377,1463,1487,1452,1430,1419,1242,1372,1419,1489,1441,1576,1582,1356
"14-Jun",1225,1451,1150,1290,1105,1253,1311,1267,1480,1438,1315,991,1374,1434,1233,1419,1411,1290,1464,1473,1335,1460,1377,1310,1370,1458,1381,1426,1408,1374,1467,1485,1454,1430,1419,1243,1372,1419,1494,1445,1579,1587,1356
"15-Jun",1228,1455,1148,1296,1121,1259,1309,1271,1485,1440,1318,988,1373,1438,1240,1422,1409,1295,1466,1476,1337,1463,1379,1312,1365,1460,1384,1428,1414,1372,1470,1483,1455,1430,1421,1245,1372,1422,1498,1448,1584,1590,1359
"16-Jun",1230,1457,1145,1301,1136,1265,1307,1275,1489,1442,1320,984,1372,1440,1246,1424,1407,1299,1468,1479,1339,1467,1380,1314,1361,1462,1387,1434,1424,1372,1472,1481,1456,1430,1421,1247,1370,1424,1501,1437,1586,1591,1360
"17-Jun",1232,1459,1141,1305,1145,1269,1305,1279,1493,1444,1323,980,1370,1443,1253,1428,1405,1303,1470,1481,1341,1469,1382,1316,1359,1464,1391,1439,1431,1372,1474,1477,1456,1432,1421,1250,1370,1425,1501,1434,1587,1592,1359
"18-Jun",1235,1460,1137,1308,1153,1274,1303,1283,1498,1444,1326,976,1369,1445,1257,1430,1402,1307,1468,1483,1343,1469,1384,1318,1358,1464,1394,1444,1438,1373,1475,1473,1456,1433,1422,1251,1369,1427,1502,1434,1588,1594,1357
"19-Jun",1236,1460,1133,1311,1161,1278,1299,1287,1502,1445,1328,972,1369,1447,1262,1432,1399,1311,1469,1485,1345,1469,1386,1315,1353,1464,1398,1447,1442,1373,1477,1469,1455,1434,1425,1255,1369,1428,1503,1434,1589,1596,1355
"20-Jun",1238,1461,1130,1314,1171,1284,1297,1294,1505,1445,1330,967,1369,1450,1267,1434,1398,1316,1469,1486,1347,1469,1388,1314,1348,1465,1401,1451,1451,1373,1479,1465,1455,1435,1428,1256,1369,1430,1504,1434,1590,1596,1354
"21-Jun",1239,1460,1128,1316,1181,1289,1296,1298,1510,1445,1333,964,1369,1451,1270,1436,1394,1323,1470,1485,1349,1469,1390,1314,1346,1466,1406,1453,1457,1373,1479,1461,1456,1437,1431,1257,1369,1431,1507,1434,1590,1598,1352
"22-Jun",1240,1458,1124,1318,1190,1294,1294,1304,1514,1445,1335,961,1369,1453,1274,1438,1390,1326,1472,1485,1350,1469,1393,1314,1343,1467,1408,1455,1463,1372,1480,1458,1456,1438,1432,1261,1368,1432,1507,1434,1592,1598,1349
"23-Jun",1241,1456,1121,1319,1198,1299,1291,1308,1518,1445,1339,956,1370,1455,1276,1440,1383,1332,1472,1484,1350,1469,1394,1314,1339,1467,1409,1457,1469,1372,1480,1455,1456,1439,1433,1263,1368,1432,1507,1433,1593,1598,1347
"24-Jun",1243,1454,1118,1321,1206,1303,1289,1312,1521,1444,1342,951,1372,1457,1278,1442,1370,1337,1473,1483,1351,1469,1394,1314,1335,1467,1410,1458,1477,1372,1481,1453,1455,1441,1433,1267,1368,1434,1507,1433,1593,1598,1345
"25-Jun",1244,1452,1116,1323,1213,1307,1287,1316,1525,1444,1346,947,1374,1459,1281,1445,1369,1341,1474,1483,1351,1470,1394,1313,1333,1467,1410,1458,1481,1372,1483,1450,1455,1445,1435,1269,1367,1435,1507,1432,1593,1597,1343
"26-Jun",1245,1450,1117,1325,1217,1311,1285,1320,1528,1443,1347,944,1376,1460,1285,1448,1368,1346,1473,1483,1351,1472,1394,1313,1330,1465,1410,1458,1487,1372,1485,1446,1455,1447,1436,1275,1365,1436,1506,1433,1593,1596,1339
"27-Jun",1247,1448,1109,1326,1221,1315,1282,1324,1531,1443,1348,938,1379,1460,1289,1451,1366,1353,1472,1483,1351,1474,1393,1313,1326,1462,1410,1456,1491,1372,1487,1443,1454,1453,1436,1277,1364,1438,1506,1433,1592,1595,1336
"28-Jun",1247,1446,1106,1327,1226,1321,1281,1326,1533,1442,1351,933,1380,1459,1293,1452,1362,1362,1470,1481,1352,1475,1391,1312,1320,1461,1410,1454,1495,1371,1486,1439,1452,1457,1436,1279,1363,1439,1506,1433,1591,1593,1333
"29-Jun",1249,1443,1103,1328,1228,1327,1279,1328,1535,1440,1354,929,1381,1459,1296,1453,1355,1369,1469,1480,1352,1473,1389,1309,1315,1460,1412,1452,1498,1370,1486,1435,1451,1460,1436,1281,1362,1441,1504,1433,1591,1591,1330
"30-Jun",1251,1442,1100,1329,1230,1333,1277,1328,1537,1439,1356,926,1381,1459,1297,1454,1349,1375,1469,1480,1352,1472,1387,1308,1307,1460,1410,1449,1499,1368,1486,1431,1450,1463,1435,1283,1361,1442,1504,1435,1589,1589,1326
